Title,Image,Download
4-caliph-free,https://drive.google.com/thumbnail?id=1LVtdeuU9OXslHBmcXS-XM4sTmTA_AZAF&sz=w1000,https://drive.google.com/uc?export=download&id=1OH9XudV3badYr2yg-WFXjRfz-vaEHf7E
4-Calligraphy-Arabic-Islamic-Art-84325687,,https://drive.google.com/uc?export=download&id=1y0OEA7HPsRCIHmP_htELMO5VnpzdHHtN
4-Calligraphy-Arabic-Islamic-Art-Graphics-84325687-1-1-580x390,https://drive.google.com/thumbnail?id=1CI6vlXtIWKP1eFSdpDwghuCrzKdvI59P&sz=w1000
6o3ygmj7,https://drive.google.com/thumbnail?id=1DMj1tbqyt5ZkNonpoPOkOgLPriLNrcgy&sz=w1000,https://drive.google.com/uc?export=download&id=191GYQGu6hmNKCt73UBQ29xEziAFJHYBb
51rrx2r1,https://drive.google.com/thumbnail?id=1Dz1LVz6GMheo2I-gS05Or-BiHqS3nfaw&sz=w1000
075y6ypo,https://drive.google.com/thumbnail?id=1bvHR3Pc1o55AK8J6Fw9jrURGEjXigDMK&sz=w1000
075y60ko,https://drive.google.com/thumbnail?id=1zzhz6ZGuY2ZawADNKevDvIYTS0teTHdi&sz=w1000,https://drive.google.com/uc?export=download&id=1I6Nxw9aNNl0hye0WLEi9ccOehqVC6gAW
075y68po,https://drive.google.com/thumbnail?id=1RXz31ErTxOtSjIVkVozlJuqYvV4yh7Rj&sz=w1000,https://drive.google.com/uc?export=download&id=1pubc2UZvndoRHI70_x0nZ3wO-JrdZkLz
Al-shahada-islam-calligraphy-arabic-86180710,,https://drive.google.com/uc?export=download&id=1euJQOy9xdOExwKstSHnudQRAqVBHX1tb
al-shahada-islam-calligraphy-arabic-art-Graphics-86180710-1-1-580x390,https://drive.google.com/thumbnail?id=1YF3Mbiau-byaVZ_JhsNV-eO45oMXWl7g&sz=w1000
AlAhzab-Arabic-Calligraphy-Islamic-art-82742659,,https://drive.google.com/uc?export=download&id=13gRZiverveKR3eubVfcRLovI3FPa6rjL
AlAhzab-Arabic-Calligraphy-Islamic-art-Graphics-82742659-1-1-580x386,https://drive.google.com/thumbnail?id=1wW-SLoxeTGowT-A4-vrVmopNXhmB1ova&sz=w1000
ALbaqarah-Arabic-Calligraphy-Islamic-83659293,,https://drive.google.com/uc?export=download&id=1pgHXtIj4HLFIGe5pz5trTKJeMxAfeNn0
ALbaqarah-Arabic-Calligraphy-Islamic-Graphics-83659293-1-1-580x390,https://drive.google.com/thumbnail?id=10NM8GUKRixh11rRHeVuCJxZgtgoANlUS&sz=w1000
Alhamdulilah-4-Vector-Calligraphy-Art-85562866,,https://drive.google.com/uc?export=download&id=1ps-QlfJ0JaHvaVJBMKT8MWUxnqGmBfvu
Alhamdulilah-4-Vector-Calligraphy-Art-Graphics-85562866-1-1-580x391,https://drive.google.com/thumbnail?id=1-GGzLdm9j1QJD635oY2ITKhCkHnRLltp&sz=w1000
Alhamdulillah-Calligraphy-Arabic-Art-84508679,,https://drive.google.com/uc?export=download&id=12OCOIe_el1sBIYF9G7WZLVrF_ZVbys7c
Alhamdulillah-Calligraphy-Arabic-art-84509685,,https://drive.google.com/uc?export=download&id=1PfJ4zv6j0E8hkshcLtV0LxML019mV9kW
Alhamdulillah-Calligraphy-Arabic-Art-Graphics-84508679-1-1-580x390,https://drive.google.com/thumbnail?id=1jYr_-wvf4okz54DwAcvdd1tdjzZTHNYq&sz=w1000
Alhamdulillah-Calligraphy-Arabic-art-Graphics-84509685-1-1-580x390,https://drive.google.com/thumbnail?id=1bWgRr11ZdN-BVROFRM4s3IAszEX-jjlG&sz=w1000
Alhamdulillah-Calligraphy-Islamic-Arabic-85436525,,https://drive.google.com/uc?export=download&id=16ZtW4J8Xr2onK1OWyebj_J2f9GuXpdwG
Alhamdulillah-Calligraphy-Islamic-Arabic-Graphics-85436525-1-1-580x390,https://drive.google.com/thumbnail?id=1xf3qBkT8tIHIuYFYIq63vqS5CkUvcMuS&sz=w1000
Alhamdulillah-Clipart-Calligraphy-Islam-85688303,,https://drive.google.com/uc?export=download&id=1ia0O_8SveTvXZH16xR6T32LFkaHVGWkf
Alhamdulillah-Clipart-Calligraphy-Islam-Graphics-85688303-1-1-580x391,https://drive.google.com/thumbnail?id=1Bc-o_ZyvamvlyxpPNy6gdH9M5DB6pBpD&sz=w1000
Alhamdulillahi-Rabbil-Alamin-Calligraphy-87345795,,https://drive.google.com/uc?export=download&id=1tyZSe4eaUz01njcl2_o8X4AMvxotN2cW
Alhamdulillahi-Rabbil-Alamin-Calligraphy-90993118,,https://drive.google.com/uc?export=download&id=1tc_lh7PvXDKrmMHIk00ung15482YVwfp
Alhamdulillahi-Rabbil-Alamin-Calligraphy-Graphics-87345795-1-1-580x390,https://drive.google.com/thumbnail?id=1q4_ixLyKP_NyCkKMy6CpbJhZeRULlUek&sz=w1000
Alhamdulillahi-Rabbil-Alamin-Calligraphy-Graphics-90993118-1-1-580x390,https://drive.google.com/thumbnail?id=1c-p-y-nch_8Y1oDu-bzAjS_OVYkaPlVR&sz=w1000
ALIKhlas-Calligraphy-Islamic-Art-84504577,,https://drive.google.com/uc?export=download&id=13m9_Dn0i0i8YW5lsGbZofHL1rFtZTWDc
ALIKhlas-Calligraphy-Islamic-Art-Graphics-84504577-1-1-580x390,https://drive.google.com/thumbnail?id=12JWMhuQxdpQVXXMu-RgUqnvXIwqxvUyL&sz=w1000
AlIkhlas-Islamic-Calligraphy-Art-79808790,,https://drive.google.com/uc?export=download&id=1EfASVnj0C2wQubl17VdBZg-x5fi1v7U6
AlIkhlas-Islamic-Calligraphy-Art-Graphics-79808790-1-1-580x390,https://drive.google.com/thumbnail?id=1dIwVJuVj9gXtQPzwqEfiI4rD16OrCKLt&sz=w1000
AlIkhlas-Islamic-Calligraphy-Art-vector-79801756,,https://drive.google.com/uc?export=download&id=1I7hh-aOOZCXDSjfsrKBYZLefBi3hafSZ
AlIkhlas-Islamic-Calligraphy-Art-vector-Graphics-79801756-1-1-580x390,https://drive.google.com/thumbnail?id=1wQck5ZFKOB8iFH2ZOmKsqK4v6I4oowJ4&sz=w1000
AlImran-Arabic-Calligraphy-Islamic-Art-83712013,,https://drive.google.com/uc?export=download&id=1LCTbLHr4NgR_Tb3ZyKbU8GpZPkzzTzyo
AlImran-Arabic-Calligraphy-Islamic-Art-Graphics-83712013-1-1-580x390,https://drive.google.com/thumbnail?id=18Z8hq1GfplOi-PUNPmjClh8sOBtIut5U&sz=w1000
AlIsra-Ayah-24-Calligraphy-arabic-87176108,,https://drive.google.com/uc?export=download&id=1JFNzn04eZoFxRICDAXpbvqf7q8yO9Mru
AlIsra-Ayah-24-Calligraphy-arabic-art-Graphics-87176108-1-1-580x390,https://drive.google.com/thumbnail?id=1psZuvmSPRnnnTNnlrs4u1gqkPTTJuNG6&sz=w1000
Allah-Arabic-calligraphy-kuffivector-92632394,,https://drive.google.com/uc?export=download&id=1_HvUyG5NketTP7nwf1EGb7wBOiAXdm5W
Allah-Arabic-calligraphy-kuffivector-Graphics-92632394-1-1-580x390,https://drive.google.com/thumbnail?id=12EjeCDNmNvQcaQ7GTMGswtv57MomFzB6&sz=w1000
Allah-Calligraphy-Arabic-vector-art-84555961,,https://drive.google.com/uc?export=download&id=155GQmyMcim_ptdgwxzdhKAQ1LCVH-1yr
Allah-Calligraphy-Arabic-vector-art-Graphics-84555961-1-1-580x390,https://drive.google.com/thumbnail?id=1b9UF0pWpcr7l1gSoxioNBTAfDk3ZJNkn&sz=w1000
Allah-Nur-Alsamwat-Walard-Calligraphy-87129130,,https://drive.google.com/uc?export=download&id=1XuhRS_4i0w2H2tQQtRXd2Kilvbk1-1qk
Allah-Nur-Alsamwat-Walard-Calligraphy-Graphics-87129130-1-1-580x390,https://drive.google.com/thumbnail?id=1N5jzu5xJJc8eBt384XfaWLiV2DHJIrl-&sz=w1000
Allahu-akbar-background-red-5117514,,https://drive.google.com/uc?export=download&id=1F_xuZDqmjDE5AvSSk2mMkKTWqJCP2dIw
allahu-akbar-background-red-Graphics-5117514-1-1-580x387,https://drive.google.com/thumbnail?id=1C5Hajs3z6dDTssiWDeSllrnQz_wS6vHC&sz=w1000
Arabic-Art-Calligraphy-Islamic-Quran-79793086,,https://drive.google.com/uc?export=download&id=1x4Y82iNgsre28rzPu669t4o0wEkve27u
Arabic-Art-Calligraphy-Islamic-Quran-83045618,,https://drive.google.com/uc?export=download&id=1ivSZJo0MFJkMxfeA2CR09bkb1AsM8Jyl
Arabic-Art-Calligraphy-Islamic-Quran-Graphics-79793086-1-1-580x390,https://drive.google.com/thumbnail?id=16DtSENP041waE7Z6c_JWojgLcBHxNYNl&sz=w1000
Arabic-Art-Calligraphy-Islamic-Quran-Graphics-83045618-1-1-580x390,https://drive.google.com/thumbnail?id=100sB4bLxb6J1Z08otKYenwsBcnxZVwdb&sz=w1000
Arabic-Art-Calligraphy-Islamic-vector-79796357,,https://drive.google.com/uc?export=download&id=1ZAarzoYyWzbMQw1LcNuSBoXL-s6Ongq1
Arabic-Art-Calligraphy-Islamic-vector-Graphics-79796357-1-1-580x390,https://drive.google.com/thumbnail?id=1V8fZwpx6hyGGkR0C_FV5YoTk2X59CM52&sz=w1000
Arabic-Art-islamic-Calligraphy-AdDuhaa-85434554,,https://drive.google.com/uc?export=download&id=1eq7aP_llXxpYF6-d98MtK7qBW37LXCnW
Arabic-Art-islamic-Calligraphy-AdDuhaa-Graphics-85434554-1-1-580x390,https://drive.google.com/thumbnail?id=1zTPaHCRKV9vxcFgMfYoOrX_K5ukj6Z7K&sz=w1000
Arabic-calligraphy-AlIkhlas-90686755,,https://drive.google.com/uc?export=download&id=1r3K_C7hz1WfHqv5GjgZjw7mHc0oZ8tKv
Arabic-calligraphy-AlIkhlas-Graphics-90686755-1-1-580x390,https://drive.google.com/thumbnail?id=1xdmK2-Lmek70x2pqZwqqK-WNiS3KgO2T&sz=w1000
Arabic-Calligraphy-allah-Art-vector-86177491,,https://drive.google.com/uc?export=download&id=1tckrHfv8on7WwJGMkps5FMLM8x3u9Nmd
Arabic-Calligraphy-allah-Art-vector-Graphics-86177491-1-1-580x390,https://drive.google.com/thumbnail?id=1MFsTomQ1yIxQ3-hk68bx1vpZZTmjGkbl&sz=w1000
Arabic-Calligraphy-Art-Alhamdulilah-2-83906107,,https://drive.google.com/uc?export=download&id=1PmH30xMLzm8WsxpBGzw_oci2bf7cHZ4U
Arabic-Calligraphy-Art-Alhamdulilah-2-Graphics-83906107-1-1-580x390,https://drive.google.com/thumbnail?id=1aTLkaAQKWPanwqM5-9lD9RenyHf1c36p&sz=w1000
Arabic-Calligraphy-Art-Alhamdulilah-83906098,,https://drive.google.com/uc?export=download&id=1I6Q1hAvZMPIF7F62Y5Lxs5ld8q3FfxHO
Arabic-Calligraphy-Art-Alhamdulilah-Graphics-83906098-1-1-580x390,https://drive.google.com/thumbnail?id=126W00CodKBZMmX7Ssnc-35UzeC--Ivr8&sz=w1000
Arabic-Calligraphy-Art-Islamic-16-81864164,,https://drive.google.com/uc?export=download&id=1MQiQqAXbRUEQz6S3DEZbOXX_pC8eKfDf
Arabic-Calligraphy-Art-Islamic-16-Graphics-81864164-1-1-580x390,https://drive.google.com/thumbnail?id=1OAKiL0f4m-b1efQhk9vYNM0OgHP_HgoW&sz=w1000
Arabic-Calligraphy-Art-Islamic-17-81874012,,https://drive.google.com/uc?export=download&id=1dpoHdb76YBgUruh3KDnps2eAziGl2pU9
Arabic-Calligraphy-Art-Islamic-17-Graphics-81874012-1-1-580x390,https://drive.google.com/thumbnail?id=1UW6QmaPdf62WjRt3aVPPy8WWg9HVbIIm&sz=w1000
Arabic-Calligraphy-Art-Islamic-18-81875709,,https://drive.google.com/uc?export=download&id=1ZrU1NHqLRg3CpTrcf4M62xp3X_aMTWvt
Arabic-Calligraphy-Art-Islamic-18-Graphics-81875709-1-1-580x390,https://drive.google.com/thumbnail?id=1BrFQ04DMsGUkk8rrGzQ8FJaZZLPgVqrJ&sz=w1000
Arabic-Calligraphy-Art-Islamic-20-82077611,,https://drive.google.com/uc?export=download&id=1CPpmhI9l0TIGMW7Tg9zmx2ZhCyYKzTKU
Arabic-Calligraphy-Art-Islamic-20-Graphics-82077611-1-1-580x390,https://drive.google.com/thumbnail?id=12MXpGcTo8qN32qYpG44dQBNH5CbtXTs_&sz=w1000
Arabic-Calligraphy-Art-Islamic-Alfalaq-82078343,,https://drive.google.com/uc?export=download&id=1ExOYHYIcO-W8OVItyWlJ5v7P12UEqZzN
Arabic-Calligraphy-Art-Islamic-Alfalaq-Graphics-82078343-1-1-580x390,https://drive.google.com/thumbnail?id=1EhG2ewvSpRXzBR6b9unyOreUuGBSCHH-&sz=w1000
Arabic-Calligraphy-Art-Islamic-Alfalaq-Graphics-82078343-2-580x390,https://drive.google.com/thumbnail?id=1yfDwEO6novEI_7NznCXq6O0lLLV_hCwV&sz=w1000
Arabic-Calligraphy-Art-Islamic-Almulk-82077018,,https://drive.google.com/uc?export=download&id=1EDZo0b2PkE-4gpjscQfFc_fn7nJvPVSx
Arabic-Calligraphy-Art-Islamic-Almulk-Graphics-82077018-1-1-580x390,https://drive.google.com/thumbnail?id=1BCn1dyeHv1xIEr3dgxUCnUBdsXum1bCq&sz=w1000
Arabic-Calligraphy-Art-Islamic-art-82078890,,https://drive.google.com/uc?export=download&id=1XSVvhbFY5EYzEP-tO-XWiYJu--05A1NH
Arabic-Calligraphy-Art-Islamic-art-Graphics-82078890-1-1-580x390,https://drive.google.com/thumbnail?id=1dml9eeD4kvWvZYPlkDQdDs9AsHUFa0g1&sz=w1000
Arabic-Calligraphy-Art-Islamic-art-Graphics-82078890-2-580x390,https://drive.google.com/thumbnail?id=1m9vw4RvRu8naMNWv1QyIuqodmVq9TWNr&sz=w1000
Arabic-Calligraphy-Art-Islamic-Artistic-82078569,,https://drive.google.com/uc?export=download&id=1vfBm4Wp59x5N4xqvVWhBclfFxyDJ6Tb6
Arabic-Calligraphy-Art-Islamic-Artistic-Graphics-82078569-1-1-580x390,https://drive.google.com/thumbnail?id=1PL-PJUCRQQAzHMYSwXQGi6BwDrZ371Ro&sz=w1000
Arabic-Calligraphy-Art-Islamic-Artistic-Graphics-82078569-2-580x390,https://drive.google.com/thumbnail?id=13q_O5TZwBgbxmCWTliYUHZCVEbrXe9ur&sz=w1000
Arabic-Calligraphy-Art-Islamic-vector-3-Graphics-81849596-1-1-580x390,https://drive.google.com/thumbnail?id=1xqMFsR_lcBJYnLSm5vC5CPoj3z-zF3xm&sz=w1000
Arabic-Calligraphy-Art-Islamic-vector-4-Graphics-81851128-1-1-580x390,https://drive.google.com/thumbnail?id=1mlNo7OKJ2L4Tk4h_tw4yfZ1j5P5fu4HY&sz=w1000
Arabic-Calligraphy-Art-Islamic-Vector-5-Graphics-81853178-1-1-580x390,https://drive.google.com/thumbnail?id=1F4tNOyXYKS-LNKMuY71-flKLLqdJrv1G&sz=w1000
Arabic-Calligraphy-Art-Islamic-Vector-6-Graphics-81855413-1-1-580x390,https://drive.google.com/thumbnail?id=1zNsjYswU6LSg2oEUwFCRRConPFm0DMHg&sz=w1000
Arabic-Calligraphy-Art-Islamic-Vector-7-Graphics-81856173-1-1-580x390,https://drive.google.com/thumbnail?id=1_nic1Te6hBO0iSj1JboYHb_o1DKy5RIe&sz=w1000
Arabic-Calligraphy-Art-Islamic-Vector-8-Graphics-81856165-1-1-580x390,https://drive.google.com/thumbnail?id=1xzT9kVJIACJN7OFB2yjtm43lkaQh1sEx&sz=w1000
Arabic-Calligraphy-Art-Islamic-Vector-10-Graphics-81858174-1-1-580x390,https://drive.google.com/thumbnail?id=1bUWFVfXY_66alW3XfXz3rxBjzQ4NmX1l&sz=w1000
Arabic-Calligraphy-Art-Islamic-Vector-11-Graphics-81858190-1-1-580x390,https://drive.google.com/thumbnail?id=1nGW-Pggum6L4IAwpVu7vye2EGO0nZdih&sz=w1000
Arabic-Calligraphy-Art-Islamic-Vector-12-Graphics-81860666-1-1-580x390,https://drive.google.com/thumbnail?id=1ma8bYl8wcu3IHtUiAPj0qOjBelZUczT-&sz=w1000
Arabic-Calligraphy-Art-Islamic-Vector-13-Graphics-81863286-1-1-580x390,https://drive.google.com/thumbnail?id=1eQ7KGXLRf30TijWcyUs2cJSfDcPlAxVc&sz=w1000
Arabic-Calligraphy-Art-Islamic-vector-81849596,,https://drive.google.com/uc?export=download&id=1Pc-QUy2an0vcxUm8GG_AXrgc8zxL2K6C
Arabic-Calligraphy-Art-Islamic-vector-81851128,,https://drive.google.com/uc?export=download&id=1ReKDImsudFWKkc4AfLhJwBjAeLM0GALk
Arabic-Calligraphy-Art-Islamic-Vector-81853178,,https://drive.google.com/uc?export=download&id=1p_EJnguRnDOZNrXnGnSTp_Z4iT8hsXfQ
Arabic-Calligraphy-Art-Islamic-Vector-81855413,,https://drive.google.com/uc?export=download&id=1U7P-nnTEN_QOMtYim8aoJ_Sgq67KEkR-
Arabic-Calligraphy-Art-Islamic-Vector-81856165,,https://drive.google.com/uc?export=download&id=1hPstTDZxzbip5p10vaMKYdXusrBxm19t
Arabic-Calligraphy-Art-Islamic-Vector-81856173,,https://drive.google.com/uc?export=download&id=1gFPcErp7y9OkefZmio5gqy1nIwR6TwWF
Arabic-Calligraphy-Art-Islamic-Vector-81858174,,https://drive.google.com/uc?export=download&id=1BrTMITmRxrOzr5EXguTLver3dfN_66BU
Arabic-Calligraphy-Art-Islamic-Vector-81858190,,https://drive.google.com/uc?export=download&id=1OZtO4JcZzcXRKZgKo4TqMG5Faya9E4Uk
Arabic-Calligraphy-Art-Islamic-Vector-81860666,,https://drive.google.com/uc?export=download&id=11hYCiqD8Tj0Dc4jTT9gEhOZQDgwQZa5_
Arabic-Calligraphy-Art-Islamic-Vector-81860666 (1),,https://drive.google.com/uc?export=download&id=1uycmcaKPW2z1ftCtlt1_OtsJ1npgYX5h
Arabic-Calligraphy-Art-Islamic-Vector-81863286,,https://drive.google.com/uc?export=download&id=1NsYmhJQvV4MZv3hh4fUS_IGeaRfYIsf_
Arabic-Calligraphy-Art-Islamic-vector-82107593,,https://drive.google.com/uc?export=download&id=1_MEnvFpNv-YYMPtPqnKHloLBQxBNBHAf
Arabic-Calligraphy-Art-Islamic-vector-Graphics-82107593-1-1-580x390,https://drive.google.com/thumbnail?id=12vXCQIWIh_NKMklQ0F7bQNBV1Nx6qWEU&sz=w1000
Arabic-Calligraphy-Art-Islamic-Verse-83045971,,https://drive.google.com/uc?export=download&id=10GgLa_KfG-1M4TFkBv31-x92rmNv9iOF
Arabic-Calligraphy-Art-Islamic-Verse-Graphics-83045971-1-1-580x390,https://drive.google.com/thumbnail?id=1ju0dX2u-TmjJDLTo8j3abJL-xFyPtCkr&sz=w1000
Arabic-Calligraphy-Art-Rabbena-Islamic-81921423,,https://drive.google.com/uc?export=download&id=1QjUzZTnrz1nH1wed7b8BhLXiGFOP9Sn3
Arabic-Calligraphy-Art-Rabbena-Islamic-Graphics-81921423-1-1-580x390,https://drive.google.com/thumbnail?id=1sf5gYOsJOTFj2FGSy1qhSJf1T4OjWj1S&sz=w1000
Arabic-Calligraphy-Astaghfirullah-art-86178333,,https://drive.google.com/uc?export=download&id=10rqeM4Ilpp4s4-yOtQhhIw4j815Yi43k
Arabic-Calligraphy-Astaghfirullah-art-Graphics-86178333-1-1-580x390,https://drive.google.com/thumbnail?id=186FsvH_3smrRU3_-ZowWAQ_4S4PZzPED&sz=w1000
Arabic-Calligraphy-Duaa-Rabbi-Jalni-88681919,,https://drive.google.com/uc?export=download&id=1Ubxl0faces-BRXCKzoNNTFoNPDeXMhZ8
Arabic-Calligraphy-Duaa-Rabbi-Jalni-Graphics-88681919-1-1-580x390,https://drive.google.com/thumbnail?id=15lr0-y_VfZPwAvUwGufRIWVFfmMdxJ32&sz=w1000
Arabic-calligraphy-Inna-Allah-huwa-86179746,,https://drive.google.com/uc?export=download&id=1YtpRTyjOySRd4JREriZNw5qjFquw2oFE
Arabic-calligraphy-Inna-Allah-huwa-Graphics-86179746-1-1-580x390,https://drive.google.com/thumbnail?id=1TJJvp8zNV1D2IL78gjAtTVyDsa1AhU6J&sz=w1000
Arabic-Calligraphy-islamic-Al-Falaq-86181817,,https://drive.google.com/uc?export=download&id=1rtL-EygXcU6jrILKLG9HzUYalI7AYRqx
Arabic-Calligraphy-islamic-Al-Falaq-art-Graphics-86181817-1-1-580x390,https://drive.google.com/thumbnail?id=19w53-BsREcRaHhxjhn7kV-h3qOxAJSkG&sz=w1000
Arabic-Calligraphy-Islamic-Art-Design-81567656,,https://drive.google.com/uc?export=download&id=1V-4kMp4jLOH4-bzloM6k5djDztJK3oSy
Arabic-Calligraphy-Islamic-Art-Design-Graphics-81567656-1-1-580x390,https://drive.google.com/thumbnail?id=1RdTYDiUGI6gcDxn4sOU5HQawJxJ8UNli&sz=w1000
Arabic-Calligraphy-islamic-Art-Mashallah-84090619,,https://drive.google.com/uc?export=download&id=1WCZ2y7PP0SfoMRxRDNO5dmDR73q4wecs
Arabic-Calligraphy-islamic-Art-Mashallah-Graphics-84090619-1-1-580x390,https://drive.google.com/thumbnail?id=1Ou4W2k-_8ZTvA7Qk-rPOCOQ4ipn0kd_1&sz=w1000
Arabic-Calligraphy-Islamic-Art-Print-81876568,,https://drive.google.com/uc?export=download&id=1uvOAvwg4p0vCuIZIc2iorA4Kw5WnF_DQ
Arabic-Calligraphy-Islamic-Art-Print-Graphics-81876568-1-1-580x390,https://drive.google.com/thumbnail?id=14BUPHBdnqI9KgOsfO4F7OxCDllQpYWMB&sz=w1000
Arabic-Calligraphy-Islamic-art-Quraan-83796098,,https://drive.google.com/uc?export=download&id=1kZb2tU0jZTwF3BLYHDaAjFkCJjv8mQwt
Arabic-Calligraphy-Islamic-art-Quraan-Graphics-83796098-1-1-580x390,https://drive.google.com/thumbnail?id=1YjP61lEeMuIU14-lPDCEm6PuytZrk9Wy&sz=w1000
Arabic-Calligraphy-Islamic-Ayah-Quran-83795860,,https://drive.google.com/uc?export=download&id=12ufByBc5XmU9sQq2hrZBtRSIrF_CqcPN
Arabic-Calligraphy-Islamic-Ayah-Quran-Graphics-83795860-1-1-580x390,https://drive.google.com/thumbnail?id=1lUdfCbn-ijbdXmFb0w6V0jQ-noPJYlcR&sz=w1000
Arabic-Calligraphy-Islamic-Duaa-Rabbi-85524472,,https://drive.google.com/uc?export=download&id=1cd0WzdHLSDCz5M8pPj0A4Tchvnj_Zabv
Arabic-Calligraphy-Islamic-Duaa-Rabbi-Graphics-85524472-1-1-580x391,https://drive.google.com/thumbnail?id=1WTdb7C-neG16f1Ya7b4jwt753HKgWp55&sz=w1000
Arabic-Calligraphy-Islamic-Inna-allaha-85861360,,https://drive.google.com/uc?export=download&id=1UtozYWB61qyAKcHrqGzCbSuUZd9Lk79C
Arabic-Calligraphy-Islamic-Inna-allaha-Graphics-85861360-1-1-580x390,https://drive.google.com/thumbnail?id=1pc0zcVyAmcGYD_j8RBiLrU9AI_NXZSYu&sz=w1000
Arabic-Calligraphy-Islamic-Quran-3-81569104,,https://drive.google.com/uc?export=download&id=1C_VzUh9oTVn82miC_aDX4G6CDq6iEAJc
Arabic-Calligraphy-Islamic-Quran-3-Graphics-81569104-1-1-580x390,https://drive.google.com/thumbnail?id=1BxgPYqp-DJXUSZA9SFsTQU93I1N5-Dkv&sz=w1000
Arabic-Calligraphy-Islamic-Quran-79790813,,https://drive.google.com/uc?export=download&id=1_J7jztuydehYF8Il7Ce31Sw-I0eZdlaX
Arabic-Calligraphy-Islamic-Quran-Art-4-Graphics-81569933-1-1-580x390,https://drive.google.com/thumbnail?id=10yd0Acix8m7kcWn3xVK8HqS1ef2gRHKO&sz=w1000
Arabic-Calligraphy-Islamic-Quran-Art-5-Graphics-81570971-1-1-580x390,https://drive.google.com/thumbnail?id=1KCAEzRMVgUHyb3DSSPxcVoRv2Z27YqXh&sz=w1000
Arabic-Calligraphy-Islamic-Quran-Art-6-Graphics-81572534-1-1-580x390,https://drive.google.com/thumbnail?id=1ALM2n8YXUSZ5FcnZHP7-bCdvJipC8Rmb&sz=w1000
Arabic-Calligraphy-Islamic-Quran-Art-7-Graphics-81574066-1-1-580x390,https://drive.google.com/thumbnail?id=1O1YPkzE_lIiKvqAsyIBVTP2TlAPKOZ6g&sz=w1000
Arabic-Calligraphy-Islamic-Quran-Art-79789130,,https://drive.google.com/uc?export=download&id=1zm7jw1KWxLXbhspmNGq7EfqK206ndDgT
Arabic-Calligraphy-Islamic-Quran-art-81566865,,https://drive.google.com/uc?export=download&id=1nx3O4i3HkXApV7g547zppuW6JshKUneN
Arabic-Calligraphy-Islamic-Quran-Art-81569933,,https://drive.google.com/uc?export=download&id=19S4wte2eGJk7QksuaUGK3fGjjPFWgtGa
Arabic-Calligraphy-Islamic-Quran-Art-81570971,,https://drive.google.com/uc?export=download&id=1njX3b-ZXin2h5ie7NTAwCj86Whr5M1U5
Arabic-Calligraphy-Islamic-Quran-Art-81572534,,https://drive.google.com/uc?export=download&id=1pBtxfdhfHJBnnajt2dGMw1VBKgaYcAcI
Arabic-Calligraphy-Islamic-Quran-Art-81574066,,https://drive.google.com/uc?export=download&id=1mOw2paYgeb8JNPRMlgBzSM-WQ5H_Rbmb
Arabic-Calligraphy-Islamic-Quran-Art-Graphics-79789130-1-1-580x390,https://drive.google.com/thumbnail?id=1wQPVmmF5MUWhlrwnSEsL3t64AFX8BzpU&sz=w1000
Arabic-Calligraphy-Islamic-Quran-art-Graphics-81566865-1-1-580x390,https://drive.google.com/thumbnail?id=1t6Bnnu3GWY8a7L94yqYIh66RSQ4Rt_fP&sz=w1000
Arabic-Calligraphy-Islamic-Quran-Graphics-79790813-1-1-580x390,https://drive.google.com/thumbnail?id=1qRu5tHH_DNtinUiLCEZ1YWMT5Pgfyitg&sz=w1000
Arabic-Calligraphy-Islamic-Quran-Verse-83065661,,https://drive.google.com/uc?export=download&id=1TwEb-rP4YJKoCnX4xA3moQ0wqt6UR3Ky
Arabic-Calligraphy-Islamic-Quran-Verse-Graphics-83065661-1-1-580x391,https://drive.google.com/thumbnail?id=1GiNyxoeq3-omXR9UngWocw-XANdVl-z6&sz=w1000
Arabic-Calligraphy-Islamic-vector-quran-86429436,,https://drive.google.com/uc?export=download&id=1t3HfBgyLv22VXHl11HYY3iz7eKxSGfyV
Arabic-Calligraphy-Islamic-vector-quran-Graphics-86429436-1-1-580x390,https://drive.google.com/thumbnail?id=1ej_ZFSJmsF-iwaQzfTvDUqgspfuEZzWO&sz=w1000
Arabic-Calligraphy-Islamic-Zu-alJalal-86182755,,https://drive.google.com/uc?export=download&id=1U73lMKRhnkmmMwGt1PyFx-4RL-GJMc3Y
Arabic-Calligraphy-Islamic-Zu-alJalal-Graphics-86182755-1-1-580x390,https://drive.google.com/thumbnail?id=1gylXLl7dtAhhQQIkl_IK4qz2EsWd6dxS&sz=w1000
Arabic-Calligraphy-Kufi-Basmalah-vector-92635085,,https://drive.google.com/uc?export=download&id=1xx16T2lganoRIp0EO9Bl6d39ba7ZZbJW
Arabic-Calligraphy-Kufi-Basmalah-vector-Graphics-92635085-1-1-580x390,https://drive.google.com/thumbnail?id=1ncbg0REIkxXXZeSXbSbxp0dJ-LVFEAGs&sz=w1000
Arabic-Calligraphy-La-Ilaha-Illa-87925564,,https://drive.google.com/uc?export=download&id=1BWT0BajW-0_qfS1f2RYzDMY0LxKt7E3c
Arabic-Calligraphy-La-Ilaha-Illa-Allah2-Graphics-87925564-1-1-580x390,https://drive.google.com/thumbnail?id=1bCO7Z-XCY2xJiKCWZIaOEqClfjsI3zMr&sz=w1000
Arabic-Calligraphy-La-Ilaha-Illallah-85887257,,https://drive.google.com/uc?export=download&id=1LdFfbZeNlNyYSXmCvvr0rlUlWqVYESMP
Arabic-Calligraphy-La-Ilaha-Illallah-Art-Graphics-85887257-1-1-580x390,https://drive.google.com/thumbnail?id=17_Bp0TDKD1txqckhgJRjQrixZa9Gm6Q8&sz=w1000
Arabic-Calligraphy-Quran-AlFatiha-art-86179971,,https://drive.google.com/uc?export=download&id=1c6KAls1_1aRTtwd-A0Eu_BnoFTNUVIaD
Arabic-Calligraphy-Quran-AlFatiha-art-Graphics-86179971-1-1-580x390,https://drive.google.com/thumbnail?id=1w8iK5ORAAc2eFS6uGROJCCxwTwekWVEf&sz=w1000
Arabic-Calligraphy-Quran-AlFatiha-art-Graphics-86179971-2-580x390,https://drive.google.com/thumbnail?id=1dLqJMLwzyagrvbSn2iwLx-M832d5pH3z&sz=w1000
Arabic-Calligraphy-Sourate-Al-Baqara-82631111,,https://drive.google.com/uc?export=download&id=1rsWaGTu0U1s_wky7k-bdadqV93WWaGdL
Arabic-Calligraphy-Sourate-Al-Baqara-Graphics-82631111-1-1-580x391,https://drive.google.com/thumbnail?id=1YqLe8Z4uaYMqE1WeADkv7HGRuC-GMpMA&sz=w1000
Arabic-Calligraphy-Surah-AlKawthar-art-81576288,,https://drive.google.com/uc?export=download&id=1GQtuXcyefJAf31B_L8vIj1Z6ErSPgoIR
Arabic-Calligraphy-Surah-AlKawthar-art-Graphics-81576288-1-1-580x390,https://drive.google.com/thumbnail?id=17RlXlw0RP36WGia5o1X6VsWDmvFd9g5P&sz=w1000
Arabic-Calligraphy-Vector-Allahu-Akbar-85429561,,https://drive.google.com/uc?export=download&id=1BIfS6TrV4go3A_SvqbECH8Qd2sUoj2vA
Arabic-Calligraphy-Vector-Allahu-Akbar-Graphics-85429561-1-1-580x390,https://drive.google.com/thumbnail?id=16QHc6ugwgTRms_qy2TuucvFOHM4G8v7e&sz=w1000
Arabic-Calligraphy-Vector-Art-AnNoor-84900957,,https://drive.google.com/uc?export=download&id=1sv-of9lnKmi1_lLwl0zoBC5LYQUIeR73
Arabic-Calligraphy-Vector-Art-AnNoor-Graphics-84900957-1-1-580x390,https://drive.google.com/thumbnail?id=1Ye6ikrCv-uLQkGSc3sFKYGs_L42cKC7V&sz=w1000
Arabic-Calligraphy-Vector-Art-Basmalah-84796778,,https://drive.google.com/uc?export=download&id=1tvLXZtmlXS9qiEoOL6zztTz9D5XspAoZ
Arabic-Calligraphy-Vector-Art-Basmalah-Graphics-84796778-1-1-580x390,https://drive.google.com/thumbnail?id=1jVNQnY4KnpFdXePgJdkuALoPXLhwfzO8&sz=w1000
Arabic-calligraphy-Vector-Art-Islamic-84795856,,https://drive.google.com/uc?export=download&id=16Q4lOpRLRwD6EjtqeRLbHwqNgUfehAIs
Arabic-calligraphy-Vector-Art-Islamic-Graphics-84795856-1-1-580x390,https://drive.google.com/thumbnail?id=13xE14olyL1w40I42_EUZ9yFw4JUtMhT8&sz=w1000
Arabic-Calligraphy-Vector-High-quality-84797417,,https://drive.google.com/uc?export=download&id=10JkC-RpUc0fnBB2Lz2RvrfkwBtvhSDrb
Arabic-Calligraphy-Vector-High-quality-Graphics-84797417-1-1-580x390,https://drive.google.com/thumbnail?id=1XIg1XHXaBZuyTdgAVpeTrqq4R5YZjpgF&sz=w1000
Arabic-Calligraphy-Vector-High-quality-Graphics-84797417-2-580x390,https://drive.google.com/thumbnail?id=1ySAyEeHYGhZk8SN1QK_jnqxCjOh7mlnX&sz=w1000
Arabic-Calligraphy-Vector-Islamic-Quran-85224546,,https://drive.google.com/uc?export=download&id=1xW9CZD8Ky_Cvg0Zv1Cyqk5vENoD81PXH
Arabic-Calligraphy-Vector-Islamic-Quran-Graphics-85224546-1-1-580x390,https://drive.google.com/thumbnail?id=1Q6cisqX2Cefh12zXvX7uGKYfSM1y-pgz&sz=w1000
Arabic-Calligraphy-Vector-Surah-AnNajm-85430843,,https://drive.google.com/uc?export=download&id=1wjmYS42bv0oCA4swX7JRDHvO87XjJR_t
Arabic-Calligraphy-Vector-Surah-AnNajm-Graphics-85430843-1-1-580x390,https://drive.google.com/thumbnail?id=14jc5pT08RAHiOk4T53Q2nspMi2e3v43i&sz=w1000
Arabic-Calligraphy-Vector-Surah-Ibrahim-85432486,,https://drive.google.com/uc?export=download&id=1m0ZdhmVcS0lMLgl5i86pw6JaNdAytsTf
Arabic-Calligraphy-Vector-Surah-Ibrahim-Graphics-85432486-1-1-580x390,https://drive.google.com/thumbnail?id=1lVrGeOGbMYDx_GBClAMNFHoo1xxGu5x1&sz=w1000
Arabic-Calligraphy-Vector-Surah-YaSin-85225322,,https://drive.google.com/uc?export=download&id=1rCHsJpfBQtTgyKIez17D1hU529V39f4H
Arabic-Calligraphy-Vector-Surah-YaSin-Graphics-85225322-1-1-580x390,https://drive.google.com/thumbnail?id=1o4vCc5y4ImeUPpnd-oPVrx02GKMh94Z0&sz=w1000
Arabic-Calligraphy-Vector-The-Shahada-84817983,,https://drive.google.com/uc?export=download&id=1OKPC_Jf-mN4_4yfxQfSFh6-pvUKX72db
Arabic-Calligraphy-Vector-The-Shahada-Graphics-84817983-1-1-580x390,https://drive.google.com/thumbnail?id=1JUkgRfcnwe8lckxdVXEFMVDFHaEibSoE&sz=w1000
Arabic-Calligraphy-Watasimu-Billah-art-86182603,,https://drive.google.com/uc?export=download&id=1ZOfterJkDsNfVczPhkT_KzQGHbdwCjKY
Arabic-Calligraphy-Watasimu-Billah-art-Graphics-86182603-1-1-580x390,https://drive.google.com/thumbnail?id=1Mb_THgaDjC__PUYbZUXQrhvPWfz53Q2D&sz=w1000
Arabic-Islamic-Calligraphy-Art-Vector-79810303,,https://drive.google.com/uc?export=download&id=1GE4GlTwwU4nLYvGd_L-5cV1JRrpj41r4
arabic-Islamic-Calligraphy-Art-Vector-Graphics-79810303-1-1-580x390,https://drive.google.com/thumbnail?id=1M4JpEHMYTq-a1uMe1G4bLdX8HF0sKZvK&sz=w1000
Arabic-Islamic-lantern-greeting-vector-27522421,,https://drive.google.com/uc?export=download&id=1VW80iUYsV5MiDwRenrex11xcYlqVFrNe
Arabic-Islamic-lantern-greeting-vector-Graphics-27522421-1-1-580x387,https://drive.google.com/thumbnail?id=14WnLniXrMRt7fsHh3BcnMRA7vPQdGgxQ&sz=w1000
Arabic-Kufi-Calligraphy-Shahada-vector1-91180056,,https://drive.google.com/uc?export=download&id=1nlzd81kYQZBqLMG4HNYjn-ClV-Kl6N8J
Arabic-Kufi-Calligraphy-Shahada-vector1-Graphics-91180056-1-1-580x390,https://drive.google.com/thumbnail?id=1yfVCDzYurq-dtJl03BzWfAEd50Hp3AmP&sz=w1000
Arabic-Kufi-Calligraphy-Shahada-Vector2-91195790,,https://drive.google.com/uc?export=download&id=1AtHVjL0dHX8Uu0A7rk7y-gTvhL6ZCGDM
Arabic-Kufi-Calligraphy-Shahada-Vector2-Graphics-91195790-1-1-580x390,https://drive.google.com/thumbnail?id=1hB2cfNSCZKDdPDw82Ywcw5Fci50hJbma&sz=w1000
Arabic-Kufic-CalligraphySurah-AlAraf-93631606,,https://drive.google.com/uc?export=download&id=1X236JlulbqihUvOFsHiTd5IAsIruxcS1
Arabic-Kufic-CalligraphySurah-AlAraf-Graphics-93631606-1-1-580x390,https://drive.google.com/thumbnail?id=1p93NuOiUfclW_tJ52tTqRz20OkuvZ_Bi&sz=w1000
Ashhadu-Alla-Ilaha-Illallah-Calligraphy-84089726,,https://drive.google.com/uc?export=download&id=1iTcT1nDBQZImRKTTl7dZgFesQptKI0wD
Ashhadu-Alla-Ilaha-Illallah-Calligraphy-Graphics-84089726-1-1-580x390,https://drive.google.com/thumbnail?id=1oVdKO3yRxfwAtiy6jDDSLey0nttbqD0J&sz=w1000
Astaghfirullah-Calligraphy-arabic-art-84507392,,https://drive.google.com/uc?export=download&id=1WaiOZhIsUmtyrqVg2400rWTBCfdG54LV
Astaghfirullah-Calligraphy-arabic-art-Graphics-84507392-1-1-580x390,https://drive.google.com/thumbnail?id=1l7EL-02dWDoslft9uQ5rvFNXl1p6Zj5i&sz=w1000
Astaghfirullah-Calligraphy-Islamic-Art-85857702,,https://drive.google.com/uc?export=download&id=1-5J7ns023rfiWKXk32hfkVix9HjROC_7
Astaghfirullah-Calligraphy-Islamic-Art-Graphics-85857702-1-1-580x390,https://drive.google.com/thumbnail?id=1yvsLElY6ju92UiYR3vOiswQ6N5ejK5Xr&sz=w1000
Astakhfiroullah-Calligraphy-Arabic-art-87521089,,https://drive.google.com/uc?export=download&id=1U6r9U67mF_dy-LQ7T0pwBRs-tCrmNAwS
Astakhfiroullah-Calligraphy-Arabic-art-Graphics-87521089-1-1-580x390,https://drive.google.com/thumbnail?id=16COvwqsuMeuQWTHBqYaLNnSqJkWo-UyE&sz=w1000
Ayah-Calligraphy-Vector-Islamic-Quran-85226122,,https://drive.google.com/uc?export=download&id=14dm3GPLSuHeduOQ7QCoWNPUlrU7q_lIl
Ayah-Calligraphy-Vector-Islamic-Quran-Graphics-85226122-1-1-580x390,https://drive.google.com/thumbnail?id=1Ghfq__XF_pTIkihU9_9YXuNS79dd0Nza&sz=w1000
Ayah-Quran-Arabic-Calligraphy-Vector-83905270,,https://drive.google.com/uc?export=download&id=1ghTahRO5xCV_Ezw--PNKc7HF8k7_0fmS
Ayah-Quran-Arabic-Calligraphy-Vector-Graphics-83905270-1-1-580x390,https://drive.google.com/thumbnail?id=1nLq0ccnAtBxkRtD1Up0QmlTioLp-jXyX&sz=w1000
Ayah-Quran-Calligraphy-Islamic-arabic-85433720,,https://drive.google.com/uc?export=download&id=1Qf9QYO8RysPh5uQbyHq9f6Kdu1xuquC_
Ayah-Quran-Calligraphy-Islamic-arabic-Graphics-85433720-1-1-580x390,https://drive.google.com/thumbnail?id=1b-OFJNdcZoqGJLxqy7Rz7kNfGGvf-sQi&sz=w1000
Basmala-Calligraphy-Arabic-vector-design-90244725,,https://drive.google.com/uc?export=download&id=1-LABCXl7YC1yQxnxbCxiIQpBmfWfMboK
Basmala-Calligraphy-Arabic-vector-design-Graphics-90244725-1-1-580x390,https://drive.google.com/thumbnail?id=1GcPCE3U5LyFdW60TyL1J99SVRS7dWwWW&sz=w1000
Basmala-Islamic-Calligraphy-Arabic-Art-89800784,,https://drive.google.com/uc?export=download&id=18JOeJivNicpm_SIIPsMSTIr1Yw5YZc0o
Basmala-Islamic-Calligraphy-Arabic-Art-Graphics-89800784-1-1-580x390,https://drive.google.com/thumbnail?id=1_lYEb81RJZ2f7RvuVsOZWUFJRYqHcbBB&sz=w1000
Basmala-Islamic-calligraphy-art-vector-89771814,,https://drive.google.com/uc?export=download&id=1AjOr88g57mgNGYHzIaJC6YMUwuhqBnyk
Basmala-Islamic-calligraphy-art-vector-Graphics-89771814-1-1-580x390,https://drive.google.com/thumbnail?id=1UbfqnnTY_XN0Pd3C34F0jAUSbe4AoTEy&sz=w1000
Basmalah-Arabic-calligraphy-calligraphy-87922192,,https://drive.google.com/uc?export=download&id=10xQj-KPZLUg3qnG22VRZcYnWlowpz4xC
Basmalah-Arabic-calligraphy-calligraphy-Graphics-87922192-1-1-580x390,https://drive.google.com/thumbnail?id=1vR00JmU77NqUN-ok5SSiS21y8969VN6J&sz=w1000
Basmalah-arabic-calligraphy-svgaipdf-91012002,,https://drive.google.com/uc?export=download&id=14oZqi2-dqaOMlFyXC4CsEW4I1GnJP2wt
basmalah-arabic-calligraphy-svgaipdf-Graphics-91012002-1-1-580x390,https://drive.google.com/thumbnail?id=1CaqM98Q4oqw4rJ2A6apoAJYXrVuzCZ6z&sz=w1000
Basmalah-Arabic-Kufic-Calligraphy2-Graphics-87922897,,https://drive.google.com/uc?export=download&id=1ahgq2qR7YBJrnG3mMMHMs0kJaf22VA2F
Basmalah-Arabic-Kufic-Calligraphy2-Graphics-87922897-580x390,https://drive.google.com/thumbnail?id=1rbLTCY7EPBTRu-RI6gVeEiSlNSt95vp3&sz=w1000
Basmalah-Calligraphy-Arabic-Islamic-4-84552471,,https://drive.google.com/uc?export=download&id=1XWgo9kfOnCTk2OfWrH7qBF2MkE3pzjwf
Basmalah-Calligraphy-Arabic-Islamic-4-Graphics-84552471-1-1-580x390,https://drive.google.com/thumbnail?id=1Zad_I9MCuX2dkY9ZRFhZmiKypcQkPXqJ&sz=w1000
Basmalah-calligraphy-art-High-quality-85859830,,https://drive.google.com/uc?export=download&id=1R_JkcP462ajQSTcDeKcomnQIPbZQEg5_
Basmalah-calligraphy-art-High-quality-Graphics-85859830-1-1-580x390,https://drive.google.com/thumbnail?id=17rvQqGAcXvKan7v9DwtusUJaFgYVKBZ_&sz=w1000
Beautiful-Bismillah-Calligraphy-Art-92632883,,https://drive.google.com/uc?export=download&id=17cURAl4UaESiTYpy-ZGxaSQxhUhILlbR
Beautiful-Bismillah-Calligraphy-Art-Graphics-92632883-1-1-580x390,https://drive.google.com/thumbnail?id=1KiOknh5XMiJoZ9H7TD7h9WvWI3gey3Pp&sz=w1000
Bismillah-Arabic-Calligraphy-Writing-Svg-65347791,,https://drive.google.com/uc?export=download&id=17x5QxZlCu8g6RooCIurxnBmdFnmS8blS
Bismillah-Arabic-Calligraphy-Writing-Svg-Graphics-65347791-1-1-580x386,https://drive.google.com/thumbnail?id=1Qldn5NydbnQkhRELqbk9zJP6VHfIYdQ8&sz=w1000
Bismillah-Calligraphy-Arabic-Islamic-2-84502851,,https://drive.google.com/uc?export=download&id=1016krRtSn_TGf9BhbNMdr45lBv77XmK-
Bismillah-Calligraphy-Arabic-Islamic-2-Graphics-84502851-1-1-580x390,https://drive.google.com/thumbnail?id=19UpKYK_La5x1kiMImBTKRlRAeSVnL6HM&sz=w1000
Bismillah-Calligraphy-Arabic-Islamic-3-84503354,,https://drive.google.com/uc?export=download&id=1lPgkHDuwWWPhwj-1SIFArlIperPv3_3a
Bismillah-Calligraphy-Arabic-Islamic-3-Graphics-84503354-1-1-580x390,https://drive.google.com/thumbnail?id=1_78Qxw_UlwiOFhX-3-1dVIC-oiyKVNqU&sz=w1000
Bismillah-Calligraphy-Arabic-Islamic-Art-84502482,,https://drive.google.com/uc?export=download&id=1GNiOVMsyE4dNQL7U-lRZKHntEHcuY4M5
Bismillah-calligraphy-Arabic-Islamic-Art-90059436,,https://drive.google.com/uc?export=download&id=11Z-aoIz-2X4Rvaf35eg5Zg8RaTcBOljT
Bismillah-Calligraphy-Arabic-Islamic-Art-Graphics-84502482-1-1-580x390,https://drive.google.com/thumbnail?id=17udJnNEIAS8NZwrFbMt6WAIsJaI98lee&sz=w1000
Bismillah-calligraphy-Arabic-Islamic-Art-Graphics-90059436-1-1-580x390,https://drive.google.com/thumbnail?id=1CkiyoKvN3XoxjWsil5pJ4uIyjvQeC1KI&sz=w1000
Bismillah-Calligraphy-Arabic-Vector-90388801,,https://drive.google.com/uc?export=download&id=1C1ASBB1rSS5eJ1F6o9nQUWDj_BhZWSX_
Bismillah-Calligraphy-Arabic-Vector-Graphics-90388801-1-1-580x390,https://drive.google.com/thumbnail?id=1n_X81XZzGBq9A1Nz2DjEzLnRyhsexxBn&sz=w1000
Bismillah-Calligraphy-Islamic-arabic-Art-84402268,,https://drive.google.com/uc?export=download&id=1Fk4IOXEhZoBjHaSJRwJKbZPe3GgwRIMi
Bismillah-Calligraphy-Islamic-arabic-Art-Graphics-84402268-1-1-580x390,https://drive.google.com/thumbnail?id=1MUWYXrDm-H-HJFSpCp9NwpQyHUzENlFh&sz=w1000
Bismillah-Calligraphy-Islamic-Vector-90298463,,https://drive.google.com/uc?export=download&id=1V1EtgcgnM84n8DsCHb4e-47Bf4c1KgbH
Bismillah-Calligraphy-Islamic-Vector-Graphics-90298463-1-1-580x390,https://drive.google.com/thumbnail?id=1oeDh06-lepF8Y3R3d7Mmpw87DANASF4S&sz=w1000
BISMILLAH-Islamic-Arabic-Calligraphy-5-79781186,,https://drive.google.com/uc?export=download&id=1axeaWVlSqIOvNKt9y3AAAX6cOC57_u6r
BISMILLAH-Islamic-Arabic-Calligraphy-5-Graphics-79781186-1-1-580x390,https://drive.google.com/thumbnail?id=1NYPIetrmAX47MOMqKjL-kYvcFVz6qsps&sz=w1000
Bismillah-Kufi-Calligraphy-Islamic-art-91293062,,https://drive.google.com/uc?export=download&id=1bEJsI-r6HVXR9r922ZDN8u6W_5CUjz2x
Bismillah-Kufi-Calligraphy-Islamic-art-Graphics-91293062-1-1-580x390,https://drive.google.com/thumbnail?id=1HeanEw3y1v4wqPusQDfsUHJzAnG2DBeI&sz=w1000
Bismillah-Masha-Allah-Vector-Art-85230944,,https://drive.google.com/uc?export=download&id=1fl5z3S_F0iGG-vgK6YOnnXV55kQCRQxU
Bismillah-Masha-Allah-Vector-Art-Arabic-Graphics-85230944-1-1-580x390,https://drive.google.com/thumbnail?id=11X-ApFG7VLxhbUBq-26efemiXu6hGcUu&sz=w1000
BISMILLAHIRRAHMANIRRAHIM-Calligraphy-art-87130334,,https://drive.google.com/uc?export=download&id=1ivB98nyOEuHjPHbq7aYvcUWeLbb6AzvZ
BISMILLAHIRRAHMANIRRAHIM-Calligraphy-art-Graphics-87130334-1-1-580x390,https://drive.google.com/thumbnail?id=1k3bddkX9Oh1gIMKK2ucgrQ_aHPqhRkPM&sz=w1000
Calligraphy-Allahu-Akbar-Art-islamic-89934864,,https://drive.google.com/uc?export=download&id=1lq5pQg2bL2UhZq7xUzWVRwMIoDmzPNT3
Calligraphy-Allahu-Akbar-Art-islamic-Graphics-89934864-1-1-580x390,https://drive.google.com/thumbnail?id=1kPs9q8uCQ5lqA3PqCd3TgrU7upM2GVnU&sz=w1000
Calligraphy-allahumma-innaka-afuwwun-89470658,,https://drive.google.com/uc?export=download&id=1Vp_tTJTnjpG6j6ODLoXLEYb1PUJ6b5rB
Calligraphy-allahumma-innaka-afuwwun-Graphics-89470658-1-1-580x390,https://drive.google.com/thumbnail?id=16WNbuGvGnybK86WpaeO2JLuLXE6-5q_h&sz=w1000
Calligraphy-arabic-art-Fasubhana-Allahi-88614109,,https://drive.google.com/uc?export=download&id=1qMt-9Ewb8ZyReden0153GqH3RMm1gyuI
Calligraphy-arabic-art-Fasubhana-Allahi-Graphics-88614109-1-1-580x390,https://drive.google.com/thumbnail?id=1YJpXZH3xkPQs0TnfMXdcdp-CfnAKT1J8&sz=w1000
Calligraphy-Arabic-Kufi-Shahada-vector-91320057,,https://drive.google.com/uc?export=download&id=187RWtol8eF6H2k4btIppKcde5wXMmlj6
Calligraphy-Arabic-Kufi-Shahada-vector-Graphics-91320057-1-1-580x390,https://drive.google.com/thumbnail?id=1-6bZ1F0HCeFi2f1rX8YNRhszIjk1LHaw&sz=w1000
Calligraphy-Arabic-Quran-Noon-walqalami-87145853,,https://drive.google.com/uc?export=download&id=1nJio6xRvF9T3fpRDhlr4_GLJFMDkNLZD
Calligraphy-Arabic-Quran-Noon-walqalami-Graphics-87145853-1-1-580x390,https://drive.google.com/thumbnail?id=1pR5nhWj2j-yNoYLzUHTDHGrkUqBcTlIY&sz=w1000
Calligraphy-arabic-quran-Wa-nunazzilu-87175127,,https://drive.google.com/uc?export=download&id=1uSmNHj_Rjtnd9sjaGw4eU9TQ_MnjTDoe
Calligraphy-arabic-quran-Wa-nunazzilu-Graphics-87175127-1-1-580x390,https://drive.google.com/thumbnail?id=1-zMO_J1TGQkqK8wH7CtdhoTyfNd-cBw4&sz=w1000
Calligraphy-Arabic-Round-Art-Islamic-84857307,,https://drive.google.com/uc?export=download&id=1y_BT9DWqld8YzB5_soHtuyEKvjhComLf
Calligraphy-Arabic-Round-Art-Islamic-Graphics-84857307-1-1-580x390,https://drive.google.com/thumbnail?id=1cOWU5TpoS-Mpgrfo-Kvsjv5aH5dxWmLt&sz=w1000
Calligraphy-Arabic-Square-Kufi-Alhamd-92631548,,https://drive.google.com/uc?export=download&id=1kXJVB_tTbZItmZ_I6AZ-CIP0UPv0_Ar_
Calligraphy-Arabic-Square-Kufi-Alhamd-Graphics-92631548-1-1-580x390,https://drive.google.com/thumbnail?id=1Os_FOL07IXuo4fBFOMFD9S1t06WkJ8uc&sz=w1000
Calligraphy-Arabic-Square-Kufi-Allah-92634266,,https://drive.google.com/uc?export=download&id=1PM3rHnfJB-8ZZygmdx87uyD1BxynMGi0
Calligraphy-Arabic-Square-Kufi-Allah-Graphics-92634266-1-1-580x390,https://drive.google.com/thumbnail?id=1TbkGrjq2CoKnAUl9-wvztmqT5kVto6mg&sz=w1000
Calligraphy-Arabic-Surah-AlAnam-ayah54-87319269,,https://drive.google.com/uc?export=download&id=1d8zGPjm2VaC-_aeJueFpclZMnSgHBdVs
Calligraphy-Arabic-Surah-AlAnam-ayah54-Graphics-87319269-1-1-580x390,https://drive.google.com/thumbnail?id=1jZTn6kGjXh5ITWLjQQo0yTLTIy-v-IQY&sz=w1000
Calligraphy-Arabic-Surah-AlImran101-87944344,,https://drive.google.com/uc?export=download&id=1MEEkb9NtRZgxjvv723I6M2i7PPzuzM7p
Calligraphy-Arabic-Surah-AlImran101-Graphics-87944344-1-1-580x390,https://drive.google.com/thumbnail?id=1XcghvMbXjuVQ1V8ItzabmF92ttTOTxX_&sz=w1000
Calligraphy-arabic-Surah-AnNisa-45-Graphics-87825951-1-1-580x390,https://drive.google.com/thumbnail?id=1dRf0oN6xqYM8dUIgF-LseBHt74-1ch7p&sz=w1000
Calligraphy-arabic-Surah-AnNisa-87825951,,https://drive.google.com/uc?export=download&id=1adQkNFJ4PRPsp3EF-bXzcwdSNHFYiFi9
Calligraphy-art-SABBIHI-ISMA-RABBIKA-87211252,,https://drive.google.com/uc?export=download&id=1g03uZ5rxKrJupVUziqVt2vgVOHKX76Wd
Calligraphy-art-SABBIHI-ISMA-RABBIKA-Graphics-87211252-1-1-580x390,https://drive.google.com/thumbnail?id=1BbC-OkXljRWE5xr6jjqKrjCeDpZ7_6c9&sz=w1000
Calligraphy-Dua-Subhanaka-Allahumma-Wa-87557913,,https://drive.google.com/uc?export=download&id=1-Wa6Fh9o0s02KxewG8szKH_tfV0_vBqF
Calligraphy-Dua-Subhanaka-Allahumma-Wa-Graphics-87557913-1-1-580x390,https://drive.google.com/thumbnail?id=1eUc886Lx9d2lSXLOxUsEhZXFG-GI6FjO&sz=w1000
Calligraphy-Duaa-Quran-Rabbana-Amanna-87284328,,https://drive.google.com/uc?export=download&id=18geQmsD6tm-mtiKDSp4eYwhhdg82Ow2t
Calligraphy-Duaa-Quran-Rabbana-Amanna-Graphics-87284328-1-1-580x390,https://drive.google.com/thumbnail?id=1J3W-tW83jXQYJfsNWfN1mVHXg2leBPjp&sz=w1000
Calligraphy-Duaa-Rabbi-Ighfir-Warham-88679686,,https://drive.google.com/uc?export=download&id=1QyLSjIlEHanX-5NRR9HZgHx5a3XiAhqi
Calligraphy-Duaa-Rabbi-Ighfir-Warham-wa-Graphics-88679686-1-1-580x390,https://drive.google.com/thumbnail?id=1bXhfSGeuUlFvBHbIrdxtpftNMg798wcH&sz=w1000
Calligraphy-Fasabbi-Biamdi-Rabbika-88608425,,https://drive.google.com/uc?export=download&id=1U9XBJj_ELVT9ltFNF9ENva23gpQSRDkJ
Calligraphy-Fasabbih-Bihamdi-Rabbika-Graphics-88608425-1-1-580x390,https://drive.google.com/thumbnail?id=1FlyIjkoDRy0WS8rdJnjrYycShzo50a-g&sz=w1000
Calligraphy-Inna-Rabbi-Ghafoor-Rahim-86429074,,https://drive.google.com/uc?export=download&id=1-k2Nz6_5R3Fet3KtvCRgvbVZ7s4ixOKY
Calligraphy-Inna-Rabbi-Ghafoor-Rahim-Graphics-86429074-1-1-580x390,https://drive.google.com/thumbnail?id=1m21DHD5e3vqYbP-ThnqkXVq5Tl43_UPj&sz=w1000
Calligraphy-Islamic-Arabic-Basmalah-art-85858853,,https://drive.google.com/uc?export=download&id=1dFROtOd01scmqnbUuNVZdzmhgSVe6KMJ
Calligraphy-Islamic-Arabic-Basmalah-art-Graphics-85858853-1-1-580x390,https://drive.google.com/thumbnail?id=1QRmXTiDI5z7yVBvli6616BaM7t8Q0xsD&sz=w1000
Calligraphy-Islamic-Basmalah-vector-art-90248595,,https://drive.google.com/uc?export=download&id=1fyjFO_IiHD4itmsbm0wQxT5fuHhBJVvA
Calligraphy-Islamic-Basmalah-vector-art-Graphics-90248595-1-1-580x390,https://drive.google.com/thumbnail?id=1UE3ThjP-bjs91wmXKXf7jwqwgDDNa1oE&sz=w1000
Calligraphy-Islamic-surah-almunafiqun-83043296,,https://drive.google.com/uc?export=download&id=1ridah1e_WSQUUmiBU2vnESAjZOQdI06u
Calligraphy-Islamic-surah-almunafiqun-Graphics-83043296-1-1-580x390,https://drive.google.com/thumbnail?id=1FCx58Y4dOSgVqPc33vcEDS6RgigAEQw2&sz=w1000
Calligraphy-Islamic-SURAH-HUD-AYAT-41-Graphics-89548204-1-1-580x390,https://drive.google.com/thumbnail?id=1zEoJqYa_1em7qracMi9mRoGB9Eg4jsIE&sz=w1000
Calligraphy-Islamic-SURAH-HUD-AYAT-89548204,,https://drive.google.com/uc?export=download&id=1Y65vWHScGhZ-_R15Pj6nSod0v0Ufj8DI
Calligraphy-Islamic-vector-Inna-allaha-90606631,,https://drive.google.com/uc?export=download&id=1s1KkQCyHzTkX9OF8NpGQ5zuW9_749Vn3
Calligraphy-Islamic-vector-Inna-allaha-Graphics-90606631-1-1-580x390,https://drive.google.com/thumbnail?id=1fPRBCtNbh9nm8h0Tc3gaz96qChQ9Ag5m&sz=w1000
Calligraphy-Kufic-La-Ilaha-Illa-87918048,,https://drive.google.com/uc?export=download&id=1mqL6ezXTEFrrh6WvnqRa66sZbbW51UNC
Calligraphy-Kufic-La-Ilaha-Illa-Allah-Graphics-87918048-1-1-580x390,https://drive.google.com/thumbnail?id=1Gl3hjaQjGkZvnimkLMkeMxlOqKwbQQfy&sz=w1000
Calligraphy-Laysa-Kamithlihi-Shayun-87137439,,https://drive.google.com/uc?export=download&id=1b87uwQqKjx_woAeyBrl3Vx8mhKnr1UOL
Calligraphy-Laysa-Kamithlihi-Shayun-Graphics-87137439-1-1-580x390,https://drive.google.com/thumbnail?id=17JJj8tolMU-NB8ZCXAixIe6-UZ0oqJdV&sz=w1000
Calligraphy-Mashallah-La-Quwwata-Illa-87145222,,https://drive.google.com/uc?export=download&id=1a6J9S8RNt6QuZwvqpTlI7cf-QvFmSw2w
Calligraphy-Mashallah-La-Quwwata-Illa-Graphics-87145222-1-1-580x390,https://drive.google.com/thumbnail?id=1BRtiQ3neGvJk2oU2ytmmjmWz7Wcpn3_q&sz=w1000
Calligraphy-Mawlaya-salli-wa-sallim-89489664,,https://drive.google.com/uc?export=download&id=18eMT5SserH3PcLDeAnkBCmVLtBQyvoVH
Calligraphy-Mawlaya-salli-wa-sallim-Graphics-89489664-1-1-580x390,https://drive.google.com/thumbnail?id=1R5v_HnvjraWz9whws-kc1IWagaoSDXbY&sz=w1000
Calligraphy-Quraan-Art-AlBaqara-137-87135207,,https://drive.google.com/uc?export=download&id=1SvmMQWrYPXjetzIOX0jwUqk2crJ3QAgy
calligraphy-Quraan-Art-AlBaqara-137-Graphics-87135207-1-1-580x390,https://drive.google.com/thumbnail?id=15lEzd857fi5k9WtLLiT2hQPWMWTCpFTB&sz=w1000
Calligraphy-Quran-Surah-Yaseen-Ayat-83-Graphics-87267987-1-1-580x390,https://drive.google.com/thumbnail?id=1AHKc_dk6fL0EfFEm2KORGSLX5HeZp76l&sz=w1000
Calligraphy-Quran-Surah-Yaseen-Ayat-87267987,,https://drive.google.com/uc?export=download&id=1p5lLibpuf-TdXl7Il6jLKX_Sa6_6MonN
Calligraphy-Quran-Surat-Al-Mursalat-41-Graphics-89700923-1-1-580x390,https://drive.google.com/thumbnail?id=1MyDkAl9oJLZuf21VZhKbhajd0hDckZwD&sz=w1000
Calligraphy-Quran-Surat-Al-Mursalat-89700923,,https://drive.google.com/uc?export=download&id=1lcI_4SJIGss6SniP3XxWPG_aGpSuwlT3
Calligraphy-Quran-Wainna-rabbaka-88692956,,https://drive.google.com/uc?export=download&id=1wuVd1nC4XL6BEYcHbRoieJynv-5UN10n
Calligraphy-Quran-Wainna-rabbaka-Graphics-88692956-1-1-580x390,https://drive.google.com/thumbnail?id=1fKpRn93C0V2bJQGobECoLzwXvikM02P9&sz=w1000
Calligraphy-Sabbihi-isma-rabbika-87149050,,https://drive.google.com/uc?export=download&id=1z2llDWF1Wc9Hyx92KlB1w5EVMb0YKbXv
Calligraphy-Sabbihi-isma-rabbika-Graphics-87149050-1-1-580x390,https://drive.google.com/thumbnail?id=19ok0iqNAqbJDcb7sScwPLU1HjsX7rEkE&sz=w1000
Calligraphy-Shahada-La-Ilaha-Illallah-85890744,,https://drive.google.com/uc?export=download&id=12jA-ksBlAMomVboaas__Qc0H5tHysJq2
Calligraphy-Shahada-La-Ilaha-Illallah-Graphics-85890744-1-1-580x390,https://drive.google.com/thumbnail?id=1nKPosQtDQzth45ybOmZFNVvVTQTJQeVi&sz=w1000
Calligraphy-Surah-AlBaqarah-Ayah-186-87508116,,https://drive.google.com/uc?export=download&id=1jnI6UqQn7-7Y0up0gbSUFNe9NHEvK5jE
Calligraphy-Surah-AlBaqarah-Ayah-186-Graphics-87508116-1-1-580x390,https://drive.google.com/thumbnail?id=1XQoZ-5eMKbQDem1KI4xoYWMykmhWeJTB&sz=w1000
Calligraphy-Surah-AlHadid-ayah-3-Graphics-88642986-1-1-580x390,https://drive.google.com/thumbnail?id=1U3pxrDmivEc3TrRYjfmHhNtx4Z8n8dX5&sz=w1000
Calligraphy-Surah-AlHadid-ayah-88642986,,https://drive.google.com/uc?export=download&id=1IcL3NKwN3sxArsLn8scNUct5Q5DRShlN
Calligraphy-Surah-AlImran-Ayat-18-87263876,,https://drive.google.com/uc?export=download&id=1iVbA47LUcijkmC2_kCrcFHpWrEm-OaoG
Calligraphy-Surah-AlImran-Ayat-18-Graphics-87263876-1-1-580x390,https://drive.google.com/thumbnail?id=1z6cjudi0rf1AlTyl9kQC5T9izKjkxFYI&sz=w1000
Calligraphy-WA-DHAKIR-FA-INA-87751488,,https://drive.google.com/uc?export=download&id=1ZVa0W9gKEA8BTVgDKpoEmmv7wac2Mk6C
Calligraphy-WA-DHAKIR-FA-INA-DHIKRA-Graphics-87751488-1-1-580x390,https://drive.google.com/thumbnail?id=1-VgERhufnBWoMq1IXg1C3yHTkqWoLAQ7&sz=w1000
Calligraphy-Waman-yatawakkal-alallah-89280375,,https://drive.google.com/uc?export=download&id=1aLSx0GjPHqDcT-WHcgRtuhBelbMT6zlj
Calligraphy-Waman-yatawakkal-alallah-Graphics-89280375-1-1-580x390,https://drive.google.com/thumbnail?id=1Ui89zWlkxg6SIpisOfWLUZWdTgeOmeO7&sz=w1000
Calligraphy-Wazkur-Rabbaka-Kaseera-88773000,,https://drive.google.com/uc?export=download&id=1_hP-ZVsVzqCAWhCamnFNSeDDJEB3Hm5Y
Calligraphy-Wazkur-Rabbaka-Kaseera-Graphics-88773000-1-1-580x391,https://drive.google.com/thumbnail?id=16Ujv2ykyKBMkOzz9XuqkMqvSWKBxzzZp&sz=w1000
Deer-Shape-Arabic-Calligraphy-Vector-82241093,,https://drive.google.com/uc?export=download&id=1WZ0wEwBZbEszUBu2193pqt0sBcfhY-0J
Deer-Shape-Arabic-Calligraphy-Vector-Graphics-82241093-1-1-580x390,https://drive.google.com/thumbnail?id=1sSsVlrqDbQLhPl4fCcYo-DfgBMuwYITF&sz=w1000
Dua-Calligraphy-arabic-HasbiyAllahu-89410701,,https://drive.google.com/uc?export=download&id=1A2Idr9QHIaNErunznSmpJe2q699Ce1Uu
Dua-Calligraphy-arabic-HasbiyAllahu-Graphics-89410701-1-1-580x390,https://drive.google.com/thumbnail?id=1BUmmAFcwUYo8uyXoO9KXiP-4xUTWaJGC&sz=w1000
Duaa-Calligraphy-Arabic-Islamic-Art-84508203,,https://drive.google.com/uc?export=download&id=1Jsn9cVFJBc1htdYyLF2dulkhbsVVS5PR
Duaa-Calligraphy-Arabic-Islamic-Art-Graphics-84508203-1-1-580x390,https://drive.google.com/thumbnail?id=1W1m7hZDX81qQVyHJgPghwhqbr6DoFjOP&sz=w1000
Duaa-Calligraphy-arabic-islamic-vector-89073519,https://drive.google.com/thumbnail?id=1mcvZHlraKYGY2UGwjF_iHJqEc0SS4ETN&sz=w1000,https://drive.google.com/uc?export=download&id=1STBsO-4BTHX1qMhX5h9xSyAv72jV5XzR
Duaa-Calligraphy-arabic-islamic-vector-Graphics-89073519-1-1-580x390,https://drive.google.com/thumbnail?id=1qqAjKCAZ_KpgMlPEp2AIi4mELG74VwM9&sz=w1000
Duaa-Islamic-Calligraphy-Arabiic-4-Graphics-89141511-1-1-580x390,https://drive.google.com/thumbnail?id=1AfCJkP5kLKZvCxYfcbtOzM-ryfDxKOBk&sz=w1000
Duaa-Islamic-Calligraphy-Arabiic-89141511,,https://drive.google.com/uc?export=download&id=1bZ9nlZdcbaKmNpXzbuENZ9QmGhKag2Sn
Duaa-La-Ilaha-Illa-Anta-87920971,,https://drive.google.com/uc?export=download&id=1TIuLH_NIWNTgNYnPtIqn40JWXHGKm3PQ
Duaa-La-Ilaha-Illa-Anta-Rabbi-Subhanaka-Graphics-87920971-1-1-580x390,https://drive.google.com/thumbnail?id=1mwzYV0zHYwg-YwSQnaqkESAoJDwH65dV&sz=w1000
Eid-and-Ramadan-Greetings-Collection-63743211,,https://drive.google.com/uc?export=download&id=1gJo4GWHFcvM42l8V3jCYq_SMrgY1hSBE
Eid-and-Ramadan-Greetings-Collection-Graphics-63743211-1-1-580x386,https://drive.google.com/thumbnail?id=1Td2tQgFxEYLGziCgUN47BKgZXpjCFRhk&sz=w1000
Eid-and-Ramadan-Greetings-Design-63743868,,https://drive.google.com/uc?export=download&id=1WXRNvpVFMZIyYVIw7kefN3zRZgkYD2vs
Eid-and-Ramadan-Greetings-Design-Free-Graphics-63743868-1-1-580x386,https://drive.google.com/thumbnail?id=1E2CYZ7IScU7-IDFDQhbYbzDj4p7QqxBc&sz=w1000
eo0ql8w1,https://drive.google.com/thumbnail?id=1KF-ukXnxQvdcNdEuKLF6t08aiiakqAW1&sz=w1000,https://drive.google.com/uc?export=download&id=11Pzi498Fyfqh1dD3AYmnXqrOEukENWmY
eo0qwq01,https://drive.google.com/thumbnail?id=1ZogFTyVi3C7uDZrFQaWQ3y_XfJJuKFVZ&sz=w1000
eo20gqm7,https://drive.google.com/thumbnail?id=1lluK2157BmPyQ2qFarMchRp23RdUvfFP&sz=w1000,https://drive.google.com/uc?export=download&id=1v1UdebLxzOhZeLdaBXmoK4dvGpdn7FVg
eo2054m7,https://drive.google.com/thumbnail?id=1C6TC9Ld1G8DPvVVVBgwUBJ_m1VW3xSmQ&sz=w1000,https://drive.google.com/uc?export=download&id=1zlKZwebrkxQ_K9ciIYM2x0Zh4oHm-sOc
Fatabarak-allah-Calligraphy-Islamic-Art-85860843,,https://drive.google.com/uc?export=download&id=1ir1NZUKf7bINu7fi-nTosjSQjW-MAWQl
fatabarak-allah-Calligraphy-Islamic-Art-Graphics-85860843-1-1-580x390,https://drive.google.com/thumbnail?id=1ic6gDOCh4IcRbXalQHIeGjZzzDwYGhCU&sz=w1000
Fidaka-Abi-Wa-Ummi-Ya-82077376,,https://drive.google.com/uc?export=download&id=1eOOOLi3rrNgekod_j6en9XbibwCgJw7U
Fidaka-Abi-Wa-Ummi-Ya-Rasool-Allah-Graphics-82077376-1-1-580x390,https://drive.google.com/thumbnail?id=1Znsi3Rp8NlOPen10peYdvlr1lfOLE7qb&sz=w1000
Happy-EidArabic-Calligraphy-colorful-92871447,,https://drive.google.com/uc?export=download&id=1DCECH1BrvQy3dM6-66SY3q8kGIUH14Z4
Happy-EidArabic-Calligraphy-colorful-Graphics-92871447-1-1-580x390,https://drive.google.com/thumbnail?id=1-pe0RxHkIdlRYr8RheoCjflhUiFa-WOd&sz=w1000
Happy-Ramadan-Mubarak-Card-Cover-27148874,,https://drive.google.com/uc?export=download&id=1qfzg2C5Q93Zz8j9BKjeU1-64OjXDaSWb
Happy-Ramadan-Mubarak-Card-Cover-27149916,,https://drive.google.com/uc?export=download&id=1G_9Kg3q79zju79VH-mPI34CZujpJCJwj
Happy-Ramadan-Mubarak-Card-Cover-27151143,,https://drive.google.com/uc?export=download&id=18H7KOOrkmxmff3j49Ktzq-gdrEWlMx3e
Happy-Ramadan-Mubarak-Card-Cover-SVG-Graphics-27148874-1-1-580x387,https://drive.google.com/thumbnail?id=1kEJhC6lCYYJKBGNeeHLW_FLOUZILmhV8&sz=w1000
Happy-Ramadan-Mubarak-Card-Cover-SVG-Graphics-27149916-1-1-580x387,https://drive.google.com/thumbnail?id=1_5_XPCB4sLYuuw2uofs2jsRd9CmkNvmw&sz=w1000
Happy-Ramadan-Mubarak-Card-Cover-SVG-Graphics-27151143-1-1-580x387,https://drive.google.com/thumbnail?id=1VMvLVnHT9SEA_mMc0IvDLreI9e_EUfM0&sz=w1000
Hasbi-allahKufi-Calligraphy-Islamic-91309596,,https://drive.google.com/uc?export=download&id=1EvB-rm6JBA-lKICWwU8OzMseckx-Vlm5
Hasbi-allahKufi-Calligraphy-Islamic-Graphics-91309596-1-1-580x390,https://drive.google.com/thumbnail?id=1q6n8wBIlSIX6OD1QxBP1yvRC1jBhKhcr&sz=w1000
Horse-Arabic-Typography-art-vector-81936584,,https://drive.google.com/uc?export=download&id=1UFw-CckTp6F6_dIwr6YW3fs7gDhPYoWy
Horse-Arabic-Typography-art-vector-Graphics-81936584-1-1-580x390,https://drive.google.com/thumbnail?id=1p39JHpVhbQhLsoG7inRAQlcDa9UPTgQL&sz=w1000
Huwa-Allahu-Calligraphy-Islamic-Art-84505568,,https://drive.google.com/uc?export=download&id=1YZL6j-5LhoXKhOhcimj_i5x3fe0zaEdx
huwa-Allahu-Calligraphy-Islamic-Art-Graphics-84505568-1-1-580x390,https://drive.google.com/thumbnail?id=1qJOzFC3eeG1c1m9Npex6ld9FnWYf9CFa&sz=w1000
inna Rabbee la Ghafoorur Raheem,https://drive.google.com/thumbnail?id=1KXmvA7lg-HmQc-vqEm4X33ZmQPxdsO8J&sz=w1000
Inna-Fatahna-Laka-Fathan-Calligraphy-87135988,,https://drive.google.com/uc?export=download&id=1ysGumxmtAsY8gNyT_fVhyuZ6o_vo6vnk
Inna-Fatahna-Laka-Fathan-Calligraphy-Graphics-87135988-1-1-580x390,https://drive.google.com/thumbnail?id=1Jmv1mEf6zKvNLpQ0y_WXSTiXmuJrvRfv&sz=w1000
Islamic Engraving Allah 3D Stl Model For CNC Router Stl File,,https://drive.google.com/uc?export=download&id=1-SMMZ8-M3sYAui2dZqjOOPrFp1rQw5w0
Islamic-Arabic-Calligraphic-75638092,,https://drive.google.com/uc?export=download&id=1h12-7e721hibZOaRWbKn9aqtnnoiaIBN
Islamic-Arabic-Calligraphic-Graphics-75638092-1-1-580x386,https://drive.google.com/thumbnail?id=1fM5h7b2ymxje4WWgRuSkt-6a3Q2nhATP&sz=w1000
Islamic-Arabic-Calligraphic-II-75639132,,https://drive.google.com/uc?export=download&id=1Ssw4AkmK34ve53sf5ZQOwYPE5-zP4LUK
Islamic-Arabic-Calligraphic-II-Graphics-75639132-1-1-580x386,https://drive.google.com/thumbnail?id=1K0vjTbeiV9GbOkntcKhRJFrg-bunsihC&sz=w1000
Islamic-Arabic-Calligraphic-III-75644728,,https://drive.google.com/uc?export=download&id=155PgfS97LFkoz9SCwkajJFvSe6D1Ff4a
Islamic-Arabic-Calligraphic-III-Graphics-75644728-1-1-580x386,https://drive.google.com/thumbnail?id=1QKlnQcRP79BP5fgIhMzhmCBfaydCAxsg&sz=w1000
Islamic-Arabic-calligraphy-inna-aldina-86179420,,https://drive.google.com/uc?export=download&id=1Ak--r-Mw2iTxHAskgJ1S869y6XidF5Zu
islamic-Arabic-calligraphy-inna-aldina-Graphics-86179420-1-1-580x390,https://drive.google.com/thumbnail?id=1u00LZpkG07WjJK0hkx4kmh8XBu9uAMJJ&sz=w1000
Islamic-Arabic-Kufi-Calligraphy-Shahada-91242441,,https://drive.google.com/uc?export=download&id=1dvsEcovNW3KE7NLqKkgk5SJbLfy9p1da
islamic-Arabic-Kufi-Calligraphy-Shahada-Graphics-91242441-1-1-580x390,https://drive.google.com/thumbnail?id=1Quo3odJ2AY5GbdKgLFb-qN9fwScMxLAf&sz=w1000
Islamic-Background-Bundle-63742340,,https://drive.google.com/uc?export=download&id=1xqOhEp8XukQxVHQ2dRWP3Fj7kaVRBnGh
Islamic-Background-Bundle-Graphics-63742340-1-1-580x386,https://drive.google.com/thumbnail?id=1c7aH_uN-mW1hDVUEqb1IgcaNO8d1lR1E&sz=w1000
Islamic-Background-for-Ramadan-and-63741565,,https://drive.google.com/uc?export=download&id=1ZUPFwrnP1udNCloJbQ-acGckVlnRAyeY
Islamic-Background-for-Ramadan-and-EId-Graphics-63741565-1-1-580x386,https://drive.google.com/thumbnail?id=1H53JxA3YT--pzJX5VHFnLGbJO5U34S-e&sz=w1000
Islamic-Calligraphy-Art-Wa-al-85862901,,https://drive.google.com/uc?export=download&id=1f9PqyWm9CTfRQWzYrV0nS0BoEWuPySzC
Islamic-Calligraphy-Art-Wa-ala-alAllahi-Graphics-85862901-1-1-580x390,https://drive.google.com/thumbnail?id=1jzOMQ8ASjcQjOvEiiTxQWCOB633RDxTp&sz=w1000
Islamic-calligraphy-Nour-Ala-Nour-79800254,,https://drive.google.com/uc?export=download&id=17h-59o_9Z4MB6OBgbht9BMbQ9jBvmG4e
Islamic-calligraphy-Nour-Ala-Nour-Graphics-79800254-1-1-580x390,https://drive.google.com/thumbnail?id=1ziHf8bMnNjcSOzY9-egou_wdEzt3nnQj&sz=w1000
Islamic-Engraving-Allah-3D-Stl-Model-For-CNC-Router-Stl-File,https://drive.google.com/thumbnail?id=1ASDvwqBGu89LyC8Vp1bZD7zkt0ZISO1N&sz=w1000
Islamic-Greetings-Background-63743623,,https://drive.google.com/uc?export=download&id=1pvCCTlH7hZniNbnFAuOZ_E8pLlYRwp1M
Islamic-Greetings-Background-Graphics-63743623-1-1-580x386,https://drive.google.com/thumbnail?id=1Dm9RLt58EsinGwgNpPBOhsH9F2xZmsCv&sz=w1000
Islamic-Kufic-calligraphy-AlIkhlas-93617645,,https://drive.google.com/uc?export=download&id=1YRlc28kyTCQGYK4rOAReBCvsX26LVQ7U
Islamic-Kufic-calligraphy-AlIkhlas-Graphics-93617645-1-1-580x390,https://drive.google.com/thumbnail?id=14R-ywGMk-0mKMEyvcoAZmAVGqSnj2dTj&sz=w1000
Islamic-Kufic-Calligraphy-Duaa-Quran-93624767,,https://drive.google.com/uc?export=download&id=1wOUby4b_YcUqzZs4OcNWFOS4RYzzi2XB
Islamic-Kufic-Calligraphy-Duaa-Quran-Graphics-93624767-1-1-580x390,https://drive.google.com/thumbnail?id=1zD9xucUsQLH0_HTs4X-SrSUvmY1q84sj&sz=w1000
Islamic-Quran-Arabic-Calligraphy-3-79779301,,https://drive.google.com/uc?export=download&id=1mABED4PLBXXLlDW0n8Iopj5TB7SP2T1Y
Islamic-Quran-Arabic-Calligraphy-3-Graphics-79779301-1-1-580x390,https://drive.google.com/thumbnail?id=1OzJ9KgF5GsOoNGia7bG3XVxZgXx3Xef9&sz=w1000
Islamic-Quran-Arabic-Calligraphy-4-79783600,,https://drive.google.com/uc?export=download&id=1Pc4z0FrQzDohcsmzGpHXqQ9nHuPeuscW
Islamic-Quran-Arabic-Calligraphy-4-Graphics-79783600-1-1-580x390,https://drive.google.com/thumbnail?id=1pkIhCFFUv2ynv-jS5cznJSZDjecfQpt-&sz=w1000
Islamic-Quran-Arabic-Calligraphy-7-79784417,,https://drive.google.com/uc?export=download&id=1l4-puYzoJXUhoBJ7iDnkOu6hb2ugIabY
Islamic-Quran-Arabic-Calligraphy-7-Graphics-79784417-1-1-580x390,https://drive.google.com/thumbnail?id=18AB9BgQ-LUyQSo8hT8KugGMZZQ-19LIs&sz=w1000
Islamic-Quran-Arabic-Calligraphy-A-79777377,,https://drive.google.com/uc?export=download&id=1j6B8_JZPWuKU6eSdadMxdV20NxrHUKxw
Islamic-Quran-Arabic-Calligraphy-A-Graphics-79777377-1-1-580x390,https://drive.google.com/thumbnail?id=1MltVwPlagFaFSZmHpbKfPskSFYaOpUim&sz=w1000
Islamic-Quran-Arabic-Calligraphy-art-79787149,,https://drive.google.com/uc?export=download&id=11zZecFJtvAH-egs0568d8uA9Y0Tf_om4
Islamic-Quran-Arabic-Calligraphy-art-Graphics-79787149-1-1-580x390,https://drive.google.com/thumbnail?id=12J0RtwTGTbZTBx7u0A3pca2ISd_UME-Z&sz=w1000
Islamic-Quran-Arabic-Calligraphy-Art12-79788092,,https://drive.google.com/uc?export=download&id=1C7nawZH8XPKF2YO--bU30KBOJmQBqTAn
Islamic-Quran-Arabic-Calligraphy-Art12-Graphics-79788092-1-1-580x390,https://drive.google.com/thumbnail?id=1tH5ni_14T8yTpYvJnwvR8ridC1RZ9ikY&sz=w1000
Islamic-Quran-Arabic-Calligraphy-Q-79775419,,https://drive.google.com/uc?export=download&id=1GUR3k5-6cJlZ9AeYodmcwgqbWK1rMly1
Islamic-Quran-Arabic-Calligraphy-Q-Graphics-79775419-1-1-580x390,https://drive.google.com/thumbnail?id=1EAjKRFNz-LBZiLXCZ-xQj7nkeKzg4sb9&sz=w1000
Islamic-Quran-Duaa-Arabic-Calligraphy-4-Graphics-79780112-1-1-580x390,https://drive.google.com/thumbnail?id=1FYJecmZyJkJ9-SgA87rs2g1thYtRdSof&sz=w1000
Islamic-Quran-Duaa-Arabic-Calligraphy-6-Graphics-79782769-1-1-580x390,https://drive.google.com/thumbnail?id=1rJXNYIt98FhZrEWgKY6CPTCmiUFHdUmy&sz=w1000
Islamic-Quran-Duaa-Arabic-Calligraphy-79780112,,https://drive.google.com/uc?export=download&id=1bEUvHevJS0MeF5zuZ10HkEJgu-im961t
Islamic-Quran-Duaa-Arabic-Calligraphy-79782769,,https://drive.google.com/uc?export=download&id=1Qo6DjtgJkvSSPsLb6SNdHybi0oA7rDqK
Islamic-vector-Clipart-Calligraphy-art-87684103,,https://drive.google.com/uc?export=download&id=1NRUcXXGp4gOKxiEwIYC9s9OaCcmQ3wmm
Islamic-vector-Clipart-Calligraphy-art-Graphics-87684103-1-1-580x390,https://drive.google.com/thumbnail?id=1B3qgQgm3IX6XAwVm8TyB-w_vlEd4QcF0&sz=w1000
Isra-miraj-arabic-calligraphy-islamic-82718953,,https://drive.google.com/uc?export=download&id=1OUOMqnJOLr1yNrq3HY_g_XDYD2KtH5j0
isra-miraj-arabic-calligraphy-islamic-Graphics-82718953-1-1-580x391,https://drive.google.com/thumbnail?id=1UEAoy_nxP93RaOc7FFOHOUWrKxQnaWwS&sz=w1000
Kalma,https://drive.google.com/thumbnail?id=1U6_rkk-3wSglc1fes7cr4I6-_689j7Af&sz=w1000
Kufi-Shahada-Calligraphy-arabic-vector-Graphics-91072864-1-1-580x390,https://drive.google.com/thumbnail?id=1r1UAOf1BsvjC-QbEA-TxMZRzxjaYocw2&sz=w1000
Kufic-arabic-Calligraphy-Surah-alHijr-93630832,,https://drive.google.com/uc?export=download&id=1F3hmyUKirZF2S3F7UDDcloo1OWsdMxqM
Kufic-arabic-Calligraphy-Surah-alHijr-Graphics-93630832-1-1-580x390,https://drive.google.com/thumbnail?id=1O901Kj4LEk3nPI9D4Uh4Gmnh7cW-sKwI&sz=w1000
Kufic-Calligraphy-Surah-Al-Mujadalah-93631900,,https://drive.google.com/uc?export=download&id=1UjBTPk_jtw73VFgJ5AOfm_0UnOnEtXxP
Kufic-Calligraphy-Surah-Al-Mujadalah-Graphics-93631900-1-1-580x390,https://drive.google.com/thumbnail?id=14UpWSicZx1Fatb2JTrvvOjqSmx7YnSWW&sz=w1000
Lâ Ilâha illâllâhu-l-Malik-ul-Haqq-ul-Mubîn,https://drive.google.com/thumbnail?id=1VEDUdB638Mw3yTPlfveuKHpwguuLmALS&sz=w1000
La-ilaha-illa-allah-Arabic-79794880,,https://drive.google.com/uc?export=download&id=1XFESTuP8GCon8wUj5U3YkhDR4CZf-3ee
la-ilaha-illa-allah-Arabic-Calligraphy-Graphics-79794880-1-1-580x390,https://drive.google.com/thumbnail?id=1B3XDjzo3crISH3UgzASiXEPO9-rgWEV1&sz=w1000
La-Ilaha-Illa-Allah-Calligraphy-85469255,,https://drive.google.com/uc?export=download&id=1jssvGqm_xWHyEWMwPkoQ8xByh4JrmmnL
La-Ilaha-Illa-Allah-Calligraphy-Islamic-Graphics-85469255-1-1-580x390,https://drive.google.com/thumbnail?id=1bMNwxgUudui5Nnp3VdrcVO_8J0QSwHIU&sz=w1000
La-ilaha-illa-Allah-Kufic-Calligraphy-ar-Graphics-85861848-1-1-580x390,https://drive.google.com/thumbnail?id=1xRkHBjj5n2Sz4WgOUiYakEDA5wt8L4b_&sz=w1000
La-ilaha-illa-allah-Square-88030090,,https://drive.google.com/uc?export=download&id=1rg0BfRByzEHzh8dISqovLyoZMoGCpQRD
La-ilaha-illa-allah-Square-Kufic-art-Graphics-88030090-1-1-580x390,https://drive.google.com/thumbnail?id=1wyBGlxCpMEmUSg9Kjws-NCyqLtDoTL3E&sz=w1000
La-ilaha-illa-Allh-Kufic-85861848,,https://drive.google.com/uc?export=download&id=1CSpXiWWGH6SA-ilonuw3HAbz8AGMDbEI
La-Ilaha-Illallah-Arabic-Calligraphy-85229714,,https://drive.google.com/uc?export=download&id=1Ckf6XnANDzVo2CH56RdcZk869yHEXATr
La-ilaha-illallah-Arabic-Calligraphy-86180469,,https://drive.google.com/uc?export=download&id=1CQqfDeUh82fS1TSjmi1Q59EzSLkMo73p
La-Ilaha-Illallah-Arabic-Calligraphy-Art-Graphics-85229714-1-1-580x390,https://drive.google.com/thumbnail?id=1FU6CHn5zfNTdyGFWkNm6wyIDiz-cAYSf&sz=w1000
La-ilaha-illallah-Arabic-Calligraphy-art-Graphics-86180469-1-1-580x390,https://drive.google.com/thumbnail?id=1wF0hAl4m-gPSnZeHVnRTh3zSYbmeymfs&sz=w1000
La-tahzan-Innallaha-Maana-Calligraphy-87136753,,https://drive.google.com/uc?export=download&id=1lwsNCqSBxtq3QCKBlxiEV497njLmDqbO
La-tahzan-Innallaha-Maana-Calligraphy-Graphics-87136753-1-1-580x390,https://drive.google.com/thumbnail?id=1UgWKxB3eM4aCdIiy0Z6bq5fD0wOrt58w&sz=w1000
Laser Cut Bismillah Islamic Calligraphy Wall Art,https://drive.google.com/thumbnail?id=1_VbahC9IiN17paZgB2mL3kFnFlL5gFNv&sz=w1000
Laser Cut First Kalima Calligraphy Wooden Islamic Decor,https://drive.google.com/thumbnail?id=10Ef_txhVAE71Hpfy_8yBglypeK2fNqoA&sz=w1000
Liman-almulk-alyawm-Islamic-Calligraphy-82077481,,https://drive.google.com/uc?export=download&id=1OTz7Yajd3dY9q3Eew_uPuqfqijmVxHVS
Liman-almulk-alyawm-Islamic-Calligraphy-Graphics-82077481-1-1-580x390,https://drive.google.com/thumbnail?id=1UA75z-FiKN4s_jir9KafYvaoXts1PUj3&sz=w1000
m1d63gd7,https://drive.google.com/thumbnail?id=1yHAIOM1FDzNBIACGOpu58o_jDlEXERi4&sz=w1000,https://drive.google.com/uc?export=download&id=11xd7eh_yvYcoP5d8pSLzjBeiauZxSZzP
m1d63xx7,https://drive.google.com/thumbnail?id=1a3pSvk2F4wymFx5ver6hMED0v5u0zB2Z&sz=w1000,https://drive.google.com/uc?export=download&id=11P4yu3Ujiwz1SkJdTq36TkSkXETd5CxO
Ma-shaa-allah-Tabarakallah-Art-79798550,,https://drive.google.com/uc?export=download&id=1bXDnaNqz3JDTGl37jI53nQ6PKaASFpmJ
Ma-shaa-allah-Tabarakallah-Art-Islamic-Graphics-79798550-1-1-580x390,https://drive.google.com/thumbnail?id=1QHvDkxz1CaeSph5DsNF_rBHSgra7xGH2&sz=w1000
Metal-Islamic-DXFDWG-Laser-Cut-File-Graphics-90954820-1-1-580x387,https://drive.google.com/thumbnail?id=1Nxh2N7cCDrFjtjpJJTSN49OakiMGNl1_&sz=w1000
Metal-slamic-DXFDWG-Laser-Cut-90954820,,https://drive.google.com/uc?export=download&id=1gWMGFF1THpLyVP3zusfuDbOkn-urqTKN
Modern-Calligraphy-islamic-Kufi-3-91134375,,https://drive.google.com/uc?export=download&id=1jseqzsLob13nWRFP1vj5-oIsw0vq6cXH
Modern-Calligraphy-islamic-Kufi-3-vector-Graphics-91134375-1-1-580x390,https://drive.google.com/thumbnail?id=1Fnm5JkWsZANfoP0tyJnj3ISzOHjZP_R0&sz=w1000
Modern-islamic-calligraphy-of-Allah-90874016,,https://drive.google.com/uc?export=download&id=1oOBCUBXg5k2r9go0kEfegyD0aFfWo5Xk
Modern-islamic-calligraphy-of-Allah-Graphics-90874016-1-1-580x390,https://drive.google.com/thumbnail?id=1KLGoKcTS6SdTa9uoFHMqgdyoJQlCYD5F&sz=w1000
Modern-Islamic-Calligraphy-Shahada-kuffi-91030374,,https://drive.google.com/uc?export=download&id=1AqEWEiSqjkK0tPhL3-ie0C7Gr-yhAJeq
Modern-Islamic-Calligraphy-Shahada-kuffi-Graphics-91030374-580x390,https://drive.google.com/thumbnail?id=1ICxA6sYUgbKg6SN3_HaYo0KEfYR6RicX&sz=w1000
Mohamed-Saws-Art-Calligraphy-islamic-79799088,,https://drive.google.com/uc?export=download&id=1wX9ESZtUuItelWQw5f6xhaRSCTx3TQ6Y
Mohamed-Saws-Art-Calligraphy-islamic-Graphics-79799088-1-1-580x390,https://drive.google.com/thumbnail?id=13pU6HdjLsdEv-Buxz_wVNof2w5BXKQm4&sz=w1000
Mystical-Moon-lasercut-wall-decor-91130860,,https://drive.google.com/uc?export=download&id=1-RHj-24XWfQ7kUeF6myYJrumQ4CsLyOU
Mystical-Moon-lasercut-wall-decor-SVG-Graphics-91130860-1-1-580x387,https://drive.google.com/thumbnail?id=1gnx7e97-X25w_GkEIcIB9cX11DHsgcw0&sz=w1000
Name-Arabic-Calligraphy-ABDULLAH-Graphics-80314807-1-1-580x390,https://drive.google.com/thumbnail?id=18SpO6iriU1rJ-6SAOTqLhAYKDfWWis4l&sz=w1000
Name-Arabic-Calligraphy-ABDULLH-80314807,,https://drive.google.com/uc?export=download&id=14CvIVqvXEKQDCHTCYxDRCnyiwJUwXyfB
Name-Arabic-Calligraphy-Vector-Abeer-84246090,,https://drive.google.com/uc?export=download&id=1OI5Bt9yp9VgO7o4UqTmAW4SBOdYkEtAR
Name-Arabic-Calligraphy-Vector-Abeer-Graphics-84246090-1-1-580x390,https://drive.google.com/thumbnail?id=1ZaXRiwljOprvM4DHx25KJGDl4l5sfFtR&sz=w1000
Name-Arabic-Calligraphy-Vector-Aisha-84216435,,https://drive.google.com/uc?export=download&id=1OYnoFuIieEZG3d8TxdjvIs-_whwlk22Z
Name-Arabic-Calligraphy-Vector-Aisha-Graphics-84216435-1-1-580x390,https://drive.google.com/thumbnail?id=1ms3_PBBqRLdT-Cv0j3C6X4Pd-TIcztAt&sz=w1000
Name-Arabic-Calligraphy-Vector-AISSA-82586801,,https://drive.google.com/uc?export=download&id=14VZCNIi-trKoHU6LyYCsj83ClsH8fBxs
Name-Arabic-Calligraphy-Vector-AISSA-Graphics-82586801-1-1-580x391,https://drive.google.com/thumbnail?id=1Uuot5ni1Q7B-qnGJktp9wMwszs6tVOGa&sz=w1000
Name-Arabic-Calligraphy-vector-Ali-80315764,,https://drive.google.com/uc?export=download&id=1UGOlKXYzCn9tzW4kW_KWwzqafLjuD1m1
Name-Arabic-Calligraphy-vector-Ali-Graphics-80315764-1-1-580x390,https://drive.google.com/thumbnail?id=1eTl-WQ-2pdh58N_Ca3-g1GiFYqk8TzKj&sz=w1000
Name-Arabic-Calligraphy-Vector-Asmaa-80317639,,https://drive.google.com/uc?export=download&id=1YEwuI0ORjjzEsxJxlZpZ8xok9ABkinXS
Name-Arabic-Calligraphy-Vector-Asmaa-Graphics-80317639-1-1-580x390,https://drive.google.com/thumbnail?id=1CPas-9nTg5vpdhMF_Jdaf0krMbxA4qVe&sz=w1000
Name-Arabic-Calligraphy-Vector-BUSHRA-82586391,,https://drive.google.com/uc?export=download&id=1Uj5t-3j3QNQ8Xbf3TBkzwrh5nM_eUAON
Name-Arabic-Calligraphy-Vector-BUSHRA-Graphics-82586391-1-1-580x391,https://drive.google.com/thumbnail?id=15Ax-iQ96c2R3CsNyIkwLNkYexPxmjDrt&sz=w1000
Name-Arabic-Calligraphy-Vector-Dalal-84161300,,https://drive.google.com/uc?export=download&id=1Ssh66Ps2Vw4sT-lzby9tVbq52QCqpaa7
Name-Arabic-Calligraphy-Vector-Dalal-Graphics-84161300-1-1-580x390,https://drive.google.com/thumbnail?id=17dx3KCodRVZ1RZEBZ0_skhRf6odHLZ9h&sz=w1000
Name-Arabic-Calligraphy-Vector-FAIROUZ-82585760,,https://drive.google.com/uc?export=download&id=11ESkyvD8or7xZb_ItiNCKyqyTGG-3Fs2
Name-Arabic-Calligraphy-Vector-FAIROUZ-Graphics-82585760-1-1-580x391,https://drive.google.com/thumbnail?id=1Pys_UraygqEt9uQnoFzyh9Y8J1qSr6tP&sz=w1000
Name-Arabic-Calligraphy-Vector-Fatima-80318700,,https://drive.google.com/uc?export=download&id=1ynPPrBezAN0ltlCf0_9TGWr6K1WFc73O
Name-Arabic-Calligraphy-Vector-Fatima-Graphics-80318700-1-1-580x390,https://drive.google.com/thumbnail?id=1i9BXP0QY_0rxCZTJlT4-2O-tFydGE3L2&sz=w1000
Name-Arabic-Calligraphy-Vector-HAFSA-84161268,,https://drive.google.com/uc?export=download&id=1RCqZ8eEomHUq_WeraeAXehF7tzsfM-aA
Name-Arabic-Calligraphy-Vector-HAFSA-Graphics-84161268-1-1-580x390,https://drive.google.com/thumbnail?id=1dpAWGbFg341zpaGW_qOOMJnPkNetni8O&sz=w1000
Name-Arabic-Calligraphy-Vector-Hajar-84161547,,https://drive.google.com/uc?export=download&id=1ikUumk9Tjo4ylMklNe13RtOC8yyR5zEH
Name-Arabic-Calligraphy-Vector-Hajar-Graphics-84161547-1-1-580x390,https://drive.google.com/thumbnail?id=1xdS4gRKGYE4J-ACOaT4S20dyeAXrmD9_&sz=w1000
Name-Arabic-Calligraphy-Vector-Hasan-80323014,,https://drive.google.com/uc?export=download&id=1az4tmHKqm0qCM2wXHMT4R0G4lh1YTqDA
Name-Arabic-Calligraphy-Vector-Hasan-Graphics-80323014-1-1-580x390,https://drive.google.com/thumbnail?id=1bwPFfvbNkiBxXogmCV4xCjSvrjqk2U1w&sz=w1000
Name-Arabic-Calligraphy-Vector-Hayat-80324144,,https://drive.google.com/uc?export=download&id=1JcgL5oCXlXeMJNdlFSssj8s8wELELnED
Name-Arabic-Calligraphy-Vector-Hayat-Graphics-80324144-1-1-580x390,https://drive.google.com/thumbnail?id=1HPIE9WiDT9opFL3lsOluBuq3BMzPGtkN&sz=w1000
Name-Arabic-Calligraphy-Vector-HUSSAINA-82585378,,https://drive.google.com/uc?export=download&id=1XjPdLq_cimyroc1ZRXrRjstRpkmM8DcB
Name-Arabic-Calligraphy-Vector-HUSSAINA-Graphics-82585378-1-1-580x391,https://drive.google.com/thumbnail?id=10EeEvGK0OUTzb3-m50oMtxYzM0VjzHCY&sz=w1000
Name-Arabic-Calligraphy-Vector-Huzaifa-82584640,,https://drive.google.com/uc?export=download&id=1yrDttFgxmLgpLLljo62AxmxlDcZSUKTO
Name-Arabic-Calligraphy-Vector-Huzaifa-Graphics-82584640-1-1-580x391,https://drive.google.com/thumbnail?id=1E6XnjC3Q8udlPYUtRB5CtB6sArYr_GzH&sz=w1000
Name-Arabic-Calligraphy-Vector-Ibrahim-80324896,,https://drive.google.com/uc?export=download&id=1pPcz1fNKL8cPbADYC6db_whVt8hTbnfr
Name-Arabic-Calligraphy-Vector-Ibrahim-Graphics-80324896-1-1-580x390,https://drive.google.com/thumbnail?id=1JRIGKlxQVb8iAvedzu46kdQ3uSJZEP72&sz=w1000
Name-Arabic-Calligraphy-Vector-Israa-80325353,,https://drive.google.com/uc?export=download&id=1ml-X6ItTyAEdwXLdaHot4KQlEUVuPoEP
Name-Arabic-Calligraphy-Vector-Israa-Graphics-80325353-1-1-580x390,https://drive.google.com/thumbnail?id=1qa4-CElFhnjtwV6lcdl8Q7FCzZoFH6KC&sz=w1000
Name-Arabic-Calligraphy-Vector-Jannat-80327075,,https://drive.google.com/uc?export=download&id=1bt_zvCP2tRoamvXOy_zBzDjCIPzNHxcK
Name-Arabic-Calligraphy-Vector-Jannat-Graphics-80327075-1-1-580x390,https://drive.google.com/thumbnail?id=1lEE2RM9nCIAWTHCf5ShYKRniy30dgChZ&sz=w1000
Name-Arabic-Calligraphy-Vector-Karima-80327530,,https://drive.google.com/uc?export=download&id=14hYZksqgzZQ__2YbBJkdKu5cooMrHUfQ
Name-Arabic-Calligraphy-Vector-Karima-Graphics-80327530-1-1-580x390,https://drive.google.com/thumbnail?id=1p1CtZc_r2NWfYJ48b4srZLrfG1ItIReM&sz=w1000
Name-Arabic-Calligraphy-Vector-Khalid-80327961,,https://drive.google.com/uc?export=download&id=13SoWlfDQzpgSQvC5tRrIXi30whYAX2oq
Name-Arabic-Calligraphy-Vector-Khalid-Graphics-80327961-1-1-580x390,https://drive.google.com/thumbnail?id=1lZqiOs6DMg0A_dSXzmKbz-GmPQA2Gr47&sz=w1000
Name-Arabic-Calligraphy-Vector-Layla-82584410,,https://drive.google.com/uc?export=download&id=1gSbq4XWA9GbXKzsHSfd6q6i_M5HncphA
Name-Arabic-Calligraphy-Vector-Layla-Graphics-82584410-1-1-580x391,https://drive.google.com/thumbnail?id=1Q6OcuTgtwDKeSFi9MIgi9TxCtvbN2DUz&sz=w1000
Name-Arabic-Calligraphy-Vector-Lojayna-80328626,,https://drive.google.com/uc?export=download&id=1Gb071Ja39Babwq1zLBsflMN0fDjeIXqO
Name-Arabic-Calligraphy-Vector-Lojayna-Graphics-80328626-1-1-580x390,https://drive.google.com/thumbnail?id=13eiwV8R7zSTijBaA-AHpHzk3u3WDhIHW&sz=w1000
Name-Arabic-Calligraphy-Vector-Meriam-80329622,,https://drive.google.com/uc?export=download&id=1Q-sPm-EAJ26e_1uY0JIp70cSjIaWd_dd
Name-Arabic-Calligraphy-Vector-Meriam-80329622 (1),,https://drive.google.com/uc?export=download&id=16tyaR3Ku6wT1Ks55k_k2VuNcBaZ1b-ec
Name-Arabic-Calligraphy-Vector-Meriam-Graphics-80329622-1-1-580x390,https://drive.google.com/thumbnail?id=128aISjO_ynq5H-XgxIiPW0hzxEwS5rM-&sz=w1000
Name-Arabic-Calligraphy-Vector-Nada-80330291,,https://drive.google.com/uc?export=download&id=1jpgfj6Tbo3mKq4QG1b-g1uwr7bwV9ZXU
Name-Arabic-Calligraphy-Vector-Nada-Graphics-80330291-1-1-580x390,https://drive.google.com/thumbnail?id=1d7bKBNvg4OcFZT1PbRI5OKPg2bMCBk74&sz=w1000
Name-Arabic-Calligraphy-Vector-Noah-80332730,,https://drive.google.com/uc?export=download&id=1WcbcRRHmtitZnJI7vv6ZWMm9rIhaZTcT
Name-Arabic-Calligraphy-Vector-Noah-Graphics-80332730-1-1-580x390,https://drive.google.com/thumbnail?id=1M3K4sC-3QMVzoYC2S-h4HAQORIkcsy2i&sz=w1000
Name-Arabic-Calligraphy-Vector-Omar-80333608,,https://drive.google.com/uc?export=download&id=1q3W-Tl0jy9cUK-CEWFX8FAmsHwMQx5Kh
Name-Arabic-Calligraphy-Vector-Omar-Graphics-80333608-1-1-580x390,https://drive.google.com/thumbnail?id=1d5oZPEr3h-2anKrAYjyfM4QsTaEL-thq&sz=w1000
Name-Arabic-Calligraphy-Vector-Othman-82583625,,https://drive.google.com/uc?export=download&id=1r5dGcmz1lso9GhWAhN-PS0JwkfwbeB4q
Name-Arabic-Calligraphy-Vector-Othman-Graphics-82583625-1-1-580x391,https://drive.google.com/thumbnail?id=1Al7GU6Of-tlMIzu7-hSfAHFJGgMkwzpx&sz=w1000
Name-Arabic-Calligraphy-Vector-Salma-84161813,,https://drive.google.com/uc?export=download&id=1mTThFlnxr3NS4hIpahC5feUQcBTi7OTw
Name-Arabic-Calligraphy-Vector-Salma-Graphics-84161813-1-1-580x390,https://drive.google.com/thumbnail?id=1VKfXxX8t_R8Eft5JfqLtTOUL2KAyYf7N&sz=w1000
Name-Arabic-Calligraphy-Vector-Sara-80333847,,https://drive.google.com/uc?export=download&id=1WMadqENCpwPKDe1e_XpJqzUyz8dj5C5O
Name-Arabic-Calligraphy-Vector-Sara-Graphics-80333847-1-1-580x390,https://drive.google.com/thumbnail?id=13y-7Q6l30pJXvmpgIgHMkL8PTuxhTJKI&sz=w1000
Name-Arabic-Calligraphy-Vector-Somaya-82583085,,https://drive.google.com/uc?export=download&id=1WMY_G98vy8lWsFLu07lopyV_QGIRWEQE
Name-Arabic-Calligraphy-Vector-Somaya-Graphics-82583085-1-1-580x391,https://drive.google.com/thumbnail?id=1soDeqGsXGUpetwSJ2k6ISinu4kE2ccqd&sz=w1000
Name-Arabic-Calligraphy-Vector-ZAINEB-Graphics-80334861-1-1-580x390,https://drive.google.com/thumbnail?id=1MvW1o0K8Wl709tBVkRoD13bYuLDHO2ho&sz=w1000
Name-Arabic-Calligraphy-Vector-ZANEB-80334861,,https://drive.google.com/uc?export=download&id=1kJzw3UZUMoN3AM_4xj_q68-xmQWds4Me
Name-Arabic-Calligraphy-Vector-Zomoroda-Graphics-80335736-1-1-580x390,https://drive.google.com/thumbnail?id=1OxJO9beob7GphW3OEdTJfnIMRUnmmx4-&sz=w1000
pok3qz87,https://drive.google.com/thumbnail?id=1WL2VOTYgKeZYK1-JmLpLMxO1-c8q5pr0&sz=w1000,https://drive.google.com/uc?export=download&id=1vhoJqdMGZmSUySm_IOhvNR-4Mk7Pa8nU
Quran-Arabic-Calligraphy-Islamic-Art-2-Graphics-83906976-1-1-580x390,https://drive.google.com/thumbnail?id=1_b8-O4J-DMS-Zw9pg3bAldDxIh0Owt0j&sz=w1000
Quran-Arabic-Calligraphy-Islamic-Art-83906976,,https://drive.google.com/uc?export=download&id=1uHAxrnR-teyVzGbKHbs1UMKwQ4lRf2Gm
Quran-Calligraphy-ayah-vector-art-86178662,,https://drive.google.com/uc?export=download&id=1CZdByLlweSx7KsEXPHgTr2dTs0T1dXIr
Quran-Calligraphy-ayah-vector-art-Graphics-86178662-1-1-580x390,https://drive.google.com/thumbnail?id=1qwiTP-vW750OgG0ZPKSc1x8RICu6Cp6L&sz=w1000
Quran-calligraphy-Islamic-vector-art-86428926,,https://drive.google.com/uc?export=download&id=17R2w0LuqLxhUSLCJ6i9hBycHZCr3iIHC
Quran-calligraphy-Islamic-vector-art-Graphics-86428926-1-1-580x390,https://drive.google.com/thumbnail?id=1wGImRVGiXdu7q3so7OGx3Ag0HTsgM6cS&sz=w1000
Quran-Wa-Ufawwidu-Amri-ilallah-86430528,,https://drive.google.com/uc?export=download&id=1Qm5GVbrTFl1DjC4Ub6mtRM_Cs-DDO92H
Quran-Wa-Ufawwidu-Amri-ilallah-art-Graphics-86430528-1-1-580x390,https://drive.google.com/thumbnail?id=1ntQItn2GKP3ltrF6Ouc_PgVPmkidm3f_&sz=w1000
Rabbana-Arabic-Calligraphy-Islamic-Art-83659794,,https://drive.google.com/uc?export=download&id=1Lijz52cC3c9uPB4YuVbi5SDFIow6aS_c
Rabbana-Arabic-Calligraphy-Islamic-Art-Graphics-83659794-1-1-580x390,https://drive.google.com/thumbnail?id=1TIER2qGYqMcDWVWqQokd0nSr69eItCzW&sz=w1000
Rabbana-atina-fi-ddunya-hassana-86429269,,https://drive.google.com/uc?export=download&id=1k5UeWldFhlRTQgOm89UY0KQB6S8R4DJM
Rabbana-atina-fi-ddunya-hassana-Duaa-Graphics-86429269-1-1-580x390,https://drive.google.com/thumbnail?id=1rOel0zsGkK60t2O8bMOinhqZsJQEBugZ&sz=w1000
Rabbana-Calligraphy-Art-Islamic-Vector-82273914,,https://drive.google.com/uc?export=download&id=10xgeFqVBsaLRwjFKtWnlVaKMDw0UIX4K
Rabbana-Calligraphy-Art-Islamic-Vector-Graphics-82273914-1-1-580x390,https://drive.google.com/thumbnail?id=1miwK-eOozj1i_kD0CYlA3Iurs5-4nfMW&sz=w1000
Ramadan-and-Eid-Greetings-Background-63741998,,https://drive.google.com/uc?export=download&id=1UIYM_HM_L5Yw7Vw4x64oPcKrRbj8IraY
Ramadan-and-Eid-Greetings-Background-Graphics-63741998-1-1-580x386,https://drive.google.com/thumbnail?id=1FycI5gsav26szuKxkl2AXx5oJBvHtz0j&sz=w1000
Ramadan-kareem-arabic-calligraphy-9425968,,https://drive.google.com/uc?export=download&id=1_AyysTtFSsz0-Mx2Wv3VLl7ckCflYKDl
Ramadan-kareem-arabic-calligraphy-9451797,,https://drive.google.com/uc?export=download&id=10pE7jI-Wgxn34fSMLpoEABNz9VqL0SVi
ramadan-kareem-arabic-calligraphy-Graphics-9425968-1-1-580x387,https://drive.google.com/thumbnail?id=1xeZQq3y2ImZgEohQjgQI4CcPC8q5PW66&sz=w1000
ramadan-kareem-arabic-calligraphy-Graphics-9451797-1-1-580x387,https://drive.google.com/thumbnail?id=1r9B3gsnpRour9DQE4NmffD_BzEgBGRxJ&sz=w1000
Ramadan-Kareem-islamic-Calligraphy-art-91627426,,https://drive.google.com/uc?export=download&id=1jUXLuodmJfqKSYq_PuUr5RAH2TGLNNru
Ramadan-Kareem-islamic-Calligraphy-art-Graphics-91627426-1-1-580x390,https://drive.google.com/thumbnail?id=13QR0t_Kns4ngYPJ3QXH-XY0w72Z8N3Aq&sz=w1000
Ramadan-kareem-vector-Typography-art-91609206,,https://drive.google.com/uc?export=download&id=1wpns-ELgQl-5-6H2rZDRvrifJU4fOddV
Ramadan-kareem-vector-Typography-art-Graphics-91609206-1-1-580x390,https://drive.google.com/thumbnail?id=1BX4A_HqlG9zVpLdahHgPk9c28zqkGSDv&sz=w1000
Ramadan-Karim-Typography-Vector-Art-91594568,,https://drive.google.com/uc?export=download&id=1C3TiL_bztmEzZE72WBHk0uEOwZ-DLUsw
Ramadan-Karim-Typography-Vector-Art-Graphics-91594568-2-580x390,https://drive.google.com/thumbnail?id=1MycbiwMmj_DpjsQZhSAETkPTjcTF02V-&sz=w1000
Ramadan-Karim-Typography-Vector-Design-91597480,,https://drive.google.com/uc?export=download&id=1q0NCIf8hHSRZsPhnAn1RrqdMZnSr3Fnf
Ramadan-Karim-Typography-Vector-Design-Graphics-91597480-1-1-580x390,https://drive.google.com/thumbnail?id=1oT1bKCFVK68_XXexd38-MsM87rI8lPB-&sz=w1000
Ramadhan-kareem-in-arabic-calligraphy-Graphics-9904234-1-1-580x386,https://drive.google.com/thumbnail?id=1T8BdNe_sVKj0J48CU4CDvBp8kctZAtid&sz=w1000
Ramadhan-kareem-in-arabic-calligraphy-Graphics-9904236-1-1-580x386,https://drive.google.com/thumbnail?id=1GWD7gnYa3lJy6WUESk1ylv-aVNpFbUVq&sz=w1000
ro6yeeq7,https://drive.google.com/thumbnail?id=128SINAg4UuNRn4T1aI9sK9ygOq6LosCR&sz=w1000,https://drive.google.com/uc?export=download&id=1NhpcmDdMm4ZURLOSv2whP7BmAmc95J3Z
ro6yx3q7,https://drive.google.com/thumbnail?id=1QU2lD-ixrn4rsu0xf5RM9HEAAyCqUQAx&sz=w1000
Sabbihi-Asma-Rabbika-Kufi-Calligraphy-Graphics-91202835-1-1-580x390,https://drive.google.com/thumbnail?id=1P5hOVl1SPX7OjWdIh9qp6GUwnPcmtryU&sz=w1000
Sabbii-Asma-Rabbika-Kufi-Calligraphy-91202835,,https://drive.google.com/uc?export=download&id=1tnVxk5yPaUEXDblsvEbPy-sU3kKnmbHU
Set-of-3-Arabic-Islamic-63469194,,https://drive.google.com/uc?export=download&id=18sh_uxuruOLPXMS0aMZidQNG5zutbkYg
Set-of-3-Arabic-Islamic-65681509,,https://drive.google.com/uc?export=download&id=1HyQHsJLAV7uJt69ZyIPbsvqPrJkcGwpu
Set-of-3-Arabic-Islamic-Wall-Art-Islam-Graphics-63469194-580x406,https://drive.google.com/thumbnail?id=13b9Y_dOONQv32IEtlKQyHjJ-7PrEOAWG&sz=w1000
Set-of-3-Arabic-Islamic-Wall-Art-Islam-Graphics-65681509-1-1-580x406,https://drive.google.com/thumbnail?id=173OxjRhShpWxPSwKJboBZWAPugyY45vU&sz=w1000
Shahada-Arabic-Calligraphy-Islamic-Art-83907882,,https://drive.google.com/uc?export=download&id=1RQp7fZWC51QkLZoFDOgebR5el9CcsOEj
Shahada-Arabic-Calligraphy-Islamic-Art-Graphics-83907882-1-1-580x390,https://drive.google.com/thumbnail?id=1D_9kbilCAWBrpXss7Gb6BqqskCeg9cqu&sz=w1000
Shahada-Calligraphy-Arabic-Islamic-Art-90041303,,https://drive.google.com/uc?export=download&id=15L4BFU-hvu_EISjQxhIfm4xqRB-3QUSM
Shahada-Calligraphy-Arabic-Islamic-Art-Graphics-90041303-1-1-580x390,https://drive.google.com/thumbnail?id=1oXZ8dfvfYbFDGtnz3T4IH_JH_B18OwaQ&sz=w1000
Shahada-Kaaba-Kuffi-calligraphy-art-92636081,,https://drive.google.com/uc?export=download&id=1QlKcKso6sZfhkcA7pQJdkVnOcoVBihuT
Shahada-Kaaba-Kuffi-calligraphy-art-Graphics-92636081-1-1-580x390,https://drive.google.com/thumbnail?id=1JLadV_IkPneKjZFq8s4hxb1Fp_vLmp3j&sz=w1000
Shahada-Kufic-Calligraphy-Islamic-Art-88017405,,https://drive.google.com/uc?export=download&id=17RxqfnSum8hnwmVQfdROz2y4H2ljFdFB
Shahada-kufic-Calligraphy-islamic-art-91146616,,https://drive.google.com/uc?export=download&id=1nlQB4hOMnzGsqgw0c6r5vtvRoYsVGJAE
Shahada-Kufic-Calligraphy-Islamic-art-Graphics-85713465,,https://drive.google.com/uc?export=download&id=1ewBzpvkHhAYWjigBqG9ARtmf232qtF2g
Shahada-Kufic-Calligraphy-Islamic-art-Graphics-85713465-580x390,https://drive.google.com/thumbnail?id=1Cf-ZCbvMtK61oucK8iu3qT_mPNtSkvwd&sz=w1000
Shahada-Kufic-Calligraphy-Islamic-Art-Graphics-88017405-1-1-580x390,https://drive.google.com/thumbnail?id=1tmJjWC8KdLJuVmUDN3VSP2RWAQdBhha6&sz=w1000
shahada-kufic-Calligraphy-islamic-art-Graphics-91146616-1-1-580x390,https://drive.google.com/thumbnail?id=1347yaSmjsyG62oTM8TQZKpa2VYSqAPjS&sz=w1000
Subhanallahi-Calligraphy-Islamic-Arabic-85435454,,https://drive.google.com/uc?export=download&id=1vCjN4oUKYKJbWM7H9IL-oThlXmFH6LP9
Subhanallahi-Calligraphy-Islamic-Arabic-Graphics-85435454-1-1-580x390,https://drive.google.com/thumbnail?id=1HNE_DDaZG38C01Kb6h-av1P40WERkxqq&sz=w1000
Surah-AdhDhariyat-Islamic-Calligraphy-83994558,,https://drive.google.com/uc?export=download&id=1N4xihRJDuBMWKKjuPi8v_uvS2MLjpL7Z
Surah-AdhDhariyat-Islamic-Calligraphy-Graphics-83994558-1-1-580x390,https://drive.google.com/thumbnail?id=1TbeR-hvNZhrzp14uK-CoR9bbiGDUYk21&sz=w1000
Surah-AlBuruj-Calligraphy-Islamic-Art-84303490,,https://drive.google.com/uc?export=download&id=1b0jVHXxMezSnoLMimOm_ocNr2GJ9Snvw
Surah-AlBuruj-Calligraphy-Islamic-Art-Graphics-84303490-1-1-580x390,https://drive.google.com/thumbnail?id=1ywaOCqo59mLJgpgO60zm9XKz6yBfMzuK&sz=w1000
Surah-AlHujurat-Islamic-Calligraphy-Art-83995270,,https://drive.google.com/uc?export=download&id=1SCdr4s1RziLtlbi6zlFZTorpfIC_0Y9v
Surah-AlHujurat-Islamic-Calligraphy-Art-Graphics-83995270-1-1-580x390,https://drive.google.com/thumbnail?id=1JUY0ZDlz5arCp2vrRaXXG_7AsCveeAXZ&sz=w1000
Surah-AlIsra-Islamic-Calligraphy-Art-83994538,,https://drive.google.com/uc?export=download&id=1qBEnlIRTVy0YrFucvzmlcgG63nCkMit5
Surah-AlIsra-Islamic-Calligraphy-Art-Graphics-83994538-1-1-580x390,https://drive.google.com/thumbnail?id=1d71xYZp6M5LJTWBoC0ULhvMN8MUXisAF&sz=w1000
Surah-AlQamar-Calligraphy-Islamic-Art-84306307,,https://drive.google.com/uc?export=download&id=1lkpjzU-pbuMOPvJEoPK0DMyRhaP6ZwJF
Surah-AlQamar-Calligraphy-Islamic-Art-Graphics-84306307-1-1-580x390,https://drive.google.com/thumbnail?id=1iEUsUOxkFSWSqBlJw9RAP9fpBO8HvS2o&sz=w1000
Surah-AnNahl-Arabic-Calligraphy-Islamic-83042525,,https://drive.google.com/uc?export=download&id=1Rna_AsMC7NyB2POtikMJUJ0opO76-On2
Surah-AnNahl-Arabic-Calligraphy-Islamic-Graphics-83042525-1-1-580x391,https://drive.google.com/thumbnail?id=1_Gq06kkXGXuUxjx3lUAbWMCrd5uvnXv1&sz=w1000
Surah-AnNas-Kufic-Calligraphy-vector-93631361,,https://drive.google.com/uc?export=download&id=1qqrLa_L9KCjKdgRw757CsHeEqXaShwsW
Surah-AnNas-Kufic-Calligraphy-vector-Graphics-93631361-1-1-580x390,https://drive.google.com/thumbnail?id=1DfIxiMmahddqWhqpsIuIDz0USRbzrW0R&sz=w1000
Surah-AnNur-Arabic-Calligraphy-Islamic-83045232,,https://drive.google.com/uc?export=download&id=1k2GDo5SomHdckai6UNP0bXDNQOs76ix2
Surah-AnNur-Arabic-Calligraphy-Islamic-Graphics-83045232-1-1-580x390,https://drive.google.com/thumbnail?id=1zne72kYZFyFCfhUL1PitcCkhvIqdv9RX&sz=w1000
Surah-AnNur-Calligraphy-arabic-Islamic-84402668,,https://drive.google.com/uc?export=download&id=1uf6tqBUMTWSmvsMGysccwwJmjIiLOiwb
Surah-AnNur-Calligraphy-arabic-Islamic-Graphics-84402668-1-1-580x390,https://drive.google.com/thumbnail?id=1VT01RSMU9XlGRDK5CjOaSFjUJv7huQEK&sz=w1000
Surah-Ghafir-Calligraphy-Islamic-Art-84092859,,https://drive.google.com/uc?export=download&id=1VxLn95tPKgzs90vAZcSukpOC1Y82AoVp
Surah-Ghafir-Calligraphy-Islamic-Art-Graphics-84092859-1-1-580x390,https://drive.google.com/thumbnail?id=1ej4CYI8Cn4WfcO44Z43V0uv3lgD3St7Y&sz=w1000
Surah-Ibrahim-Calligraphy-Islamic-Art-84091703,,https://drive.google.com/uc?export=download&id=1Zm8_21gS4MZeT6n-UcGRKigIxM5CAp1z
Surah-Ibrahim-Calligraphy-Islamic-Art-Graphics-84091703-1-1-580x390,https://drive.google.com/thumbnail?id=1A4fLP-9L-ihtmmgyurEnBtlRJvbsK-oO&sz=w1000
Surah-Luqman-Arabic-Calligraphy-art-83044827,,https://drive.google.com/uc?export=download&id=1qfokwJyhVh114xYKFbrQTMkbt_vabIpc
Surah-Luqman-Arabic-Calligraphy-art-Graphics-83044827-1-1-580x390,https://drive.google.com/thumbnail?id=1hZSABqJyMaA1R75Yrs8QF1fgYwOn474z&sz=w1000
Surah-YaSin-Arabic-Calligraphy-Islamic-83044141,,https://drive.google.com/uc?export=download&id=113kaklwJrXcn7t95H-h9AEjdqKvVahDt
Surah-YaSin-Arabic-Calligraphy-Islamic-Graphics-83044141-1-1-580x390,https://drive.google.com/thumbnail?id=1hHTvir4x0yxl700fZWS5qbaPt2JlwjU3&sz=w1000
Surah-Yunus-Calligraphy-Islamic-Arabic-85437240,,https://drive.google.com/uc?export=download&id=143NDD-z6TTr4shyW5yJsF6RS01X6SL8T
Surah-Yunus-Calligraphy-Islamic-Arabic-Graphics-85437240-1-1-580x390,https://drive.google.com/thumbnail?id=1agMyjMJ3KFJJf0rsMQdw_ictgwwkfJfk&sz=w1000
Surat-AlIkhlas-Calligraphy-arabic-art-2-Graphics-85092031-1-1-580x390,https://drive.google.com/thumbnail?id=1-uTfD4yrnC1L669YRJiYNG1VljvaNIeN&sz=w1000
Surat-AlIkhlas-Calligraphy-arabic-art-85092031,,https://drive.google.com/uc?export=download&id=1Gl79w19eaVldRXE-ow3P7isdAkCP9Uqn
Tasbih-Calligraphy-Design-Template-57237074,,https://drive.google.com/uc?export=download&id=1xjt0EJH8FIVP5jNHRvgP2Jd-Ly5A-Kdg
Tasbih-Calligraphy-Design-Template-Graphics-57237074-1-1-580x387,https://drive.google.com/thumbnail?id=1er-HyGj5Dn4g-17CF9C-B_dtXcm0oFFc&sz=w1000
Vector-Islamic-art-Muhamed-Rassoul-84791898,,https://drive.google.com/uc?export=download&id=1ZsdyXjxJrnj5k2YIjcF95yY9oc4CSn_U
Vector-Islamic-art-Muhamed-Rassoul-Allah-Graphics-84791898-1-1-580x390,https://drive.google.com/thumbnail?id=14Z6i4o_pKhruZT2XXD4VtujXSk10ofVV&sz=w1000
Vector-Islamic-Muhamed-Rassoul-Allah-3-Graphics-84794988-1-1-580x390,https://drive.google.com/thumbnail?id=1gad2LFR8_saB9NfZIU0YgtpGhHA0nYRJ&sz=w1000
Vector-Islamic-Muhamed-Rassoul-Allah-84794988,,https://drive.google.com/uc?export=download&id=1oFAA9IpGI-bYNBADDr_zFchHNVPWX0Jh
Wa-Rabbuka-AlGhafur-Arabic-Calligraphy-82774359,,https://drive.google.com/uc?export=download&id=1D2hwrwgaYuWTeQi-2k1RE87LrUKeh02A
Wa-Rabbuka-AlGhafur-Arabic-Calligraphy-Graphics-82774359-1-1-580x386,https://drive.google.com/thumbnail?id=1OM1UUE629qgJG3HmsQy9--fvbk9FrFYP&sz=w1000
Wa-Zakaria-Iz-Nada-Rabbahu-81967442,,https://drive.google.com/uc?export=download&id=1f9n2H8br2vSsjDgFzE1sAq8Kdjj-PWa1
Wa-Zakaria-Iz-Nada-Rabbahu-Calligraphy-Graphics-81967442-1-1-580x390,https://drive.google.com/thumbnail?id=1wyv5DrwG47-NJeifJX_0XFi2H4CQ4u_N&sz=w1000
Wahuwa-AlAAazeezu-Alhakeem-Calligraphy-86906670,,https://drive.google.com/uc?export=download&id=1j6fLr294xl_zmcrim1ghCpPKquf3SxTx
Wahuwa-AlAAazeezu-Alhakeem-Calligraphy-Graphics-86906670-1-1-580x390,https://drive.google.com/thumbnail?id=1h_MXussErLGfUOodn5AjY-skta2RPWMr&sz=w1000
Wakabbirhu-Takbeeran-Islamic-Calligraphy-85863421,,https://drive.google.com/uc?export=download&id=1e-djqKmWLWXvn8OrcIb-VQYd_iHx69eD
Wakabbirhu-Takbeeran-Islamic-Calligraphy-Graphics-85863421-1-1-580x390,https://drive.google.com/thumbnail?id=1B3CSSD9TxmTj_mtf4WSJTqB2qwx7xaUl&sz=w1000
Zul-Jalali-walIkram-arabic-Calligraphy-85863894,,https://drive.google.com/uc?export=download&id=1kX08Vxfeu4CdoiZEHe0WovgrBaayuwkv
Zul-Jalali-walIkram-arabic-Calligraphy-Graphics-85863894-1-1-580x390,https://drive.google.com/thumbnail?id=1QlfxrI49U6bA0q1rmMX0wS5QsRaVShmh&sz=w1000